,region,adm,location,media_0,inse_1,inse_2,inse_3,inse_4,inse_5,inse_6,inse_7,inse_8,year
1,Rondônia,Total,Total,4.86,0.31,14.51,21.45,23.77,18.83,11.27,8.43,1.42,2019
4,Rondônia,Total,Urbana,4.88,0.31,14.25,20.83,23.11,18.97,11.84,9.15,1.56,2019
7,Rondônia,Total,Rural,4.64,0.35,16.43,26.18,28.69,17.84,7.04,3.08,0.4,2019
10,Rondônia,Federal,Total,5.1,0.09,5.03,16.84,25.99,23.41,15.62,12.23,0.79,2019
13,Rondônia,Federal,Urbana,5.18,0,5.1,14.49,23.19,24.15,18.17,13.77,1.13,2019
16,Rondônia,Federal,Rural,4.91,0.29,4.86,22.34,32.56,21.66,9.66,8.63,0,2019
19,Rondônia,Estadual,Total,4.79,0.35,15.5,22.19,24.27,19.34,10.94,6.77,0.65,2019
22,Rondônia,Estadual,Urbana,4.8,0.34,15.41,22.06,24.27,19.36,11.04,6.86,0.66,2019
25,Rondônia,Estadual,Rural,4.59,0.48,19.58,27.63,24.43,18.35,6.53,2.88,0.13,2019
28,Rondônia,Municipal,Total,4.69,0.33,16.82,24.9,26.32,18.07,8.36,4.68,0.51,2019
31,Rondônia,Municipal,Urbana,4.74,0.31,16.44,23.86,25.17,18.55,9.44,5.6,0.63,2019
34,Rondônia,Municipal,Rural,4.58,0.37,17.82,27.62,29.31,16.81,5.57,2.31,0.19,2019
37,Rondônia,Privada,Total,5.84,0.06,1.32,4.84,10.64,17.57,23.39,32.33,9.85,2019
40,Rondônia,Privada,Urbana,5.91,0.06,0.97,4.06,8.86,16.68,23.66,35.09,10.62,2019
43,Rondônia,Privada,Rural,5.19,0,4.35,11.72,26.34,25.4,21.05,8.07,3.08,2019
55,Rondônia,Pública,Total,4.76,0.34,15.79,23.06,25.04,18.96,10.1,6.12,0.6,2019
58,Rondônia,Pública,Urbana,4.78,0.33,15.56,22.48,24.52,19.19,10.67,6.59,0.66,2019
61,Rondônia,Pública,Rural,4.6,0.38,17.43,27.38,28.88,17.22,5.87,2.66,0.18,2019
64,Acre,Total,Total,4.57,1.66,28,21.69,18.7,14.1,8.36,6.48,1.02,2019
67,Acre,Total,Urbana,4.64,1.18,25.45,21.15,19.26,15.14,9.27,7.35,1.19,2019
70,Acre,Total,Rural,4.13,4.29,42.3,24.74,15.52,8.21,3.24,1.58,0.11,2019
73,Acre,Federal,Total,4.97,0.21,16.28,10.6,22.25,23.18,16.36,9.99,1.12,2019
76,Acre,Federal,Urbana,4.97,0.21,16.28,10.6,22.25,23.18,16.36,9.99,1.12,2019
79,Acre,Federal,Rural,0,,,,,,,,,2019
82,Acre,Estadual,Total,4.54,1.25,27.51,22.41,20.22,14.86,8.06,5.15,0.54,2019
85,Acre,Estadual,Urbana,4.6,1.11,25.45,21.87,20.68,15.8,8.78,5.71,0.61,2019
88,Acre,Estadual,Rural,4.2,2.16,40.65,25.82,17.3,8.89,3.47,1.64,0.07,2019
91,Acre,Municipal,Total,4.29,3.37,36.52,24.4,16.53,10.14,5.5,2.99,0.54,2019
94,Acre,Municipal,Urbana,4.38,1.9,33.73,24.89,17.84,11.14,6.36,3.48,0.66,2019
97,Acre,Municipal,Rural,4.01,7.94,45.13,22.89,12.48,7.04,2.85,1.47,0.19,2019
100,Acre,Privada,Total,5.92,0,1.67,3.92,7.26,18.43,22.17,37.26,9.29,2019
103,Acre,Privada,Urbana,5.92,0,1.67,3.92,7.26,18.43,22.17,37.26,9.29,2019
106,Acre,Privada,Rural,0,,,,,,,,,2019
118,Acre,Pública,Total,4.49,1.75,29.52,22.71,19.36,13.85,7.56,4.7,0.55,2019
121,Acre,Pública,Urbana,4.56,1.27,27.08,22.33,20.09,14.92,8.39,5.3,0.63,2019
124,Acre,Pública,Rural,4.13,4.29,42.3,24.74,15.52,8.21,3.24,1.58,0.11,2019
127,Amazonas,Total,Total,4.55,3.1,27.55,21.76,18.36,12.92,8,7.04,1.26,2019
130,Amazonas,Total,Urbana,4.66,1.65,23.84,21.95,19.69,14.32,9.03,8.07,1.44,2019
133,Amazonas,Total,Rural,3.87,11.56,49.22,20.67,10.62,4.7,2,1.04,0.19,2019
136,Amazonas,Federal,Total,4.85,1.15,22.17,19.9,16.55,12.14,11.45,13.88,2.76,2019
139,Amazonas,Federal,Urbana,4.87,1.2,21.38,19.65,16.5,12.28,11.7,14.42,2.87,2019
142,Amazonas,Federal,Rural,4.22,0,42.35,26.28,17.88,8.5,4.99,0,0,2019
145,Amazonas,Estadual,Total,4.52,2.83,27.87,22.41,19.01,13.29,7.85,5.92,0.82,2019
148,Amazonas,Estadual,Urbana,4.6,1.7,24.9,22.69,20.2,14.46,8.62,6.53,0.9,2019
151,Amazonas,Estadual,Rural,3.8,12.3,52.66,20,9.11,3.49,1.46,0.83,0.16,2019
154,Amazonas,Municipal,Total,4.36,4.14,31.8,23.87,18.7,11.54,5.85,3.69,0.42,2019
157,Amazonas,Municipal,Urbana,4.49,1.94,27.06,24.71,20.91,13.44,6.97,4.49,0.49,2019
160,Amazonas,Municipal,Rural,3.92,11.13,46.88,21.18,11.67,5.51,2.29,1.13,0.21,2019
163,Amazonas,Privada,Total,5.89,0.04,1.24,4.05,10.67,17.37,21.09,35.6,9.94,2019
166,Amazonas,Privada,Urbana,5.89,0.04,1.13,4,10.62,17.38,21.1,35.73,10,2019
169,Amazonas,Privada,Rural,5.11,0,16.44,11.42,18,16.66,19.61,16.35,1.52,2019
181,Amazonas,Pública,Total,4.46,3.3,29.27,22.92,18.87,12.62,7.14,5.18,0.69,2019
184,Amazonas,Pública,Urbana,4.57,1.77,25.58,23.33,20.39,14.09,8.1,5.95,0.78,2019
187,Amazonas,Pública,Rural,3.87,11.6,49.32,20.69,10.6,4.66,1.95,0.99,0.19,2019
190,Roraima,Total,Total,4.72,3.22,22.58,18.85,18.21,14.66,10.43,10,2.04,2019
193,Roraima,Total,Urbana,4.88,1.43,18.04,18.49,19.44,16.4,12.02,11.83,2.36,2019
196,Roraima,Total,Rural,3.95,11.9,44.56,20.58,12.25,6.28,2.75,1.18,0.5,2019
199,Roraima,Federal,Total,5.22,0.81,12.47,12.22,17.17,18.48,16.58,16.53,5.75,2019
202,Roraima,Federal,Urbana,5.24,0.87,11.94,11.47,17.35,19.04,16.43,17.13,5.75,2019
205,Roraima,Federal,Rural,4.95,0,18.71,21.14,15.04,11.78,18.29,9.35,5.68,2019
208,Roraima,Estadual,Total,4.57,4.48,25.01,20.19,18.79,14.07,9.29,7.21,0.97,2019
211,Roraima,Estadual,Urbana,4.75,1.73,19.54,20.4,20.81,16.35,11.11,8.87,1.19,2019
214,Roraima,Estadual,Rural,3.84,15.17,46.25,19.34,10.96,5.21,2.21,0.75,0.12,2019
217,Roraima,Municipal,Total,4.66,1.93,23.78,20.43,19.7,15.71,10.07,7.33,1.05,2019
220,Roraima,Municipal,Urbana,4.75,1.37,20.44,19.86,20.6,17.05,11.3,8.35,1.03,2019
223,Roraima,Municipal,Rural,4.17,4.93,41.66,23.51,14.9,8.52,3.47,1.86,1.17,2019
226,Roraima,Privada,Total,6.04,0.17,1.7,3.48,7.35,13.35,18.92,41.46,13.57,2019
229,Roraima,Privada,Urbana,6.06,0,1.38,3.51,7.23,13.44,19.05,41.74,13.66,2019
232,Roraima,Privada,Rural,3.64,25,50,0,25,0,0,0,0,2019
244,Roraima,Pública,Total,4.62,3.47,24.25,20.08,19.08,14.77,9.75,7.48,1.12,2019
247,Roraima,Pública,Urbana,4.77,1.57,19.66,19.95,20.63,16.69,11.33,8.91,1.26,2019
250,Roraima,Pública,Rural,3.95,11.86,44.55,20.64,12.21,6.3,2.76,1.18,0.5,2019
253,Pará,Total,Total,4.31,5.06,35.74,21.7,16.2,10.29,5.74,4.52,0.75,2019
256,Pará,Total,Urbana,4.42,3.61,31.9,22.15,17.59,11.64,6.74,5.45,0.91,2019
259,Pará,Total,Rural,3.87,10.65,50.56,19.97,10.83,5.1,1.87,0.9,0.13,2019
262,Pará,Federal,Total,4.87,1.31,18.58,18.53,19.32,15.42,13.97,11.02,1.85,2019
265,Pará,Federal,Urbana,4.87,1.31,18.58,18.53,19.32,15.42,13.97,11.02,1.85,2019
268,Pará,Federal,Rural,0,,,,,,,,,2019
271,Pará,Estadual,Total,4.13,6.15,40.48,22.99,15.91,8.67,3.78,1.84,0.19,2019
274,Pará,Estadual,Urbana,4.16,5.73,39.28,23.31,16.5,9.06,3.98,1.94,0.2,2019
277,Pará,Estadual,Rural,3.84,10.54,53.01,19.6,9.69,4.57,1.68,0.82,0.11,2019
280,Pará,Municipal,Total,4.2,5.27,38.48,23.28,16.53,9.56,4.39,2.25,0.26,2019
283,Pará,Municipal,Urbana,4.35,2.66,32.83,24.8,19.2,11.69,5.59,2.91,0.32,2019
286,Pará,Municipal,Rural,3.87,10.73,50.27,20.08,10.95,5.1,1.88,0.87,0.12,2019
289,Pará,Privada,Total,5.55,0.09,4.17,8.42,15.23,20.06,19.91,26.61,5.51,2019
292,Pará,Privada,Urbana,5.56,0.09,3.93,8.37,15.11,20.05,20.07,26.82,5.56,2019
295,Pará,Privada,Rural,4.71,0.47,25.58,13.01,24.89,20.71,5.93,7.97,1.44,2019
307,Pará,Pública,Total,4.18,5.59,39.1,23.12,16.3,9.25,4.23,2.16,0.24,2019
310,Pará,Pública,Urbana,4.27,4.09,35.71,24.03,17.93,10.49,4.93,2.54,0.28,2019
313,Pará,Pública,Rural,3.87,10.7,50.69,20.01,10.75,5.01,1.85,0.86,0.12,2019
316,Amapá,Total,Total,4.69,1.58,22.59,22,19.93,14.27,9.55,8.54,1.54,2019
319,Amapá,Total,Urbana,4.78,1.13,19.85,21.27,20.48,15.4,10.52,9.63,1.73,2019
322,Amapá,Total,Rural,4.19,4.23,38.99,26.37,16.65,7.53,3.74,2.03,0.45,2019
325,Amapá,Federal,Total,4.83,0.81,16.08,21.19,22.65,16.31,12.54,9.13,1.28,2019
328,Amapá,Federal,Urbana,4.83,0.81,16.08,21.19,22.65,16.31,12.54,9.13,1.28,2019
331,Amapá,Federal,Rural,0,,,,,,,,,2019
334,Amapá,Estadual,Total,4.58,1.7,25.07,23.55,20.57,13.9,8.43,6,0.78,2019
337,Amapá,Estadual,Urbana,4.66,1.3,22.01,22.83,21.35,15.29,9.49,6.9,0.83,2019
340,Amapá,Estadual,Rural,4.19,3.57,39.56,26.98,16.88,7.33,3.41,1.74,0.52,2019
343,Amapá,Municipal,Total,4.55,1.89,24.36,24.62,22.1,14.05,7.48,4.95,0.55,2019
346,Amapá,Municipal,Urbana,4.59,1.23,22.66,24.7,22.94,14.86,7.81,5.2,0.6,2019
349,Amapá,Municipal,Rural,4.2,6.7,36.63,24.03,16,8.23,5.04,3.13,0.23,2019
352,Amapá,Privada,Total,5.85,0,2.11,4.66,9.41,17.06,22.29,35.09,9.37,2019
355,Amapá,Privada,Urbana,5.87,0,1.51,4.31,9.37,17.18,22.58,35.55,9.5,2019
358,Amapá,Privada,Rural,4.12,0,47.7,31.2,13.04,8.06,0,0,0,2019
370,Amapá,Pública,Total,4.57,1.74,24.75,23.83,21.04,13.98,8.21,5.74,0.72,2019
373,Amapá,Pública,Urbana,4.64,1.27,22.11,23.36,21.85,15.18,9.03,6.43,0.77,2019
376,Amapá,Pública,Rural,4.19,4.27,38.91,26.32,16.69,7.53,3.78,2.05,0.46,2019
379,Tocantins,Total,Total,4.69,1.97,21.88,20.38,20.7,16.31,10.06,7.4,1.3,2019
382,Tocantins,Total,Urbana,4.72,1.86,20.83,20,20.7,16.77,10.57,7.89,1.39,2019
385,Tocantins,Total,Rural,4.3,3.22,33.68,24.61,20.68,11.24,4.38,1.96,0.25,2019
388,Tocantins,Federal,Total,4.94,0.72,13.99,15.21,23.83,20.76,15.31,8.48,1.7,2019
391,Tocantins,Federal,Urbana,5.05,0.8,10.06,11.1,26.25,23.27,16.56,10.26,1.71,2019
394,Tocantins,Federal,Rural,4.64,0.52,24.11,25.79,17.61,14.32,12.09,3.89,1.67,2019
397,Tocantins,Estadual,Total,4.58,2.44,23.77,21.32,21.4,16.06,9.38,5.06,0.56,2019
400,Tocantins,Estadual,Urbana,4.6,2.35,23.09,21.21,21.42,16.45,9.65,5.22,0.6,2019
403,Tocantins,Estadual,Rural,4.23,4.14,36.17,23.3,20.96,8.94,4.43,2.07,0,2019
406,Tocantins,Municipal,Total,4.57,1.75,23.76,22.69,22.16,16.25,8.28,4.63,0.48,2019
409,Tocantins,Municipal,Urbana,4.62,1.58,22.23,22.27,22.47,16.95,8.95,5.03,0.52,2019
412,Tocantins,Municipal,Rural,4.28,2.99,34.47,25.62,19.98,11.33,3.58,1.78,0.25,2019
415,Tocantins,Privada,Total,5.93,0.09,1.08,3.3,8.15,17.56,22.72,36.85,10.26,2019
418,Tocantins,Privada,Urbana,5.99,0,0.44,2.47,7.03,17.24,23.48,38.6,10.74,2019
421,Tocantins,Privada,Rural,4.65,1.98,13.93,19.8,30.56,23.88,7.44,1.7,0.71,2019
433,Tocantins,Pública,Total,4.58,2.13,23.63,21.82,21.75,16.21,8.99,4.92,0.54,2019
436,Tocantins,Pública,Urbana,4.61,2.02,22.61,21.54,21.9,16.72,9.44,5.2,0.57,2019
439,Tocantins,Pública,Rural,4.28,3.28,34.6,24.84,20.21,10.64,4.23,1.97,0.22,2019
442,Maranhão,Total,Total,4.22,6.05,38.5,21.09,15.52,9.85,4.97,3.47,0.55,2019
445,Maranhão,Total,Urbana,4.32,4.8,34.92,21.43,16.84,11.24,5.83,4.26,0.68,2019
448,Maranhão,Total,Rural,3.9,9.95,49.7,20.04,11.37,5.5,2.3,1,0.15,2019
451,Maranhão,Federal,Total,4.63,1.9,21.77,21.38,21.99,17.5,9.51,5.3,0.65,2019
454,Maranhão,Federal,Urbana,4.71,1.56,18.52,21.16,22.19,19.13,10.68,5.93,0.82,2019
457,Maranhão,Federal,Rural,4.32,3.16,33.77,22.19,21.24,11.5,5.19,2.96,0,2019
460,Maranhão,Estadual,Total,4.02,8.96,44.44,20.13,13.62,7.73,3.39,1.58,0.15,2019
463,Maranhão,Estadual,Urbana,4.06,8.32,42.79,20.48,14.42,8.38,3.7,1.74,0.16,2019
466,Maranhão,Estadual,Rural,3.77,12.74,54.09,18.07,8.91,3.89,1.59,0.61,0.11,2019
469,Maranhão,Municipal,Total,4.14,5.59,40.86,23.12,16.02,8.73,3.73,1.75,0.22,2019
472,Maranhão,Municipal,Urbana,4.25,3.74,36.76,24.33,18.09,10.21,4.52,2.11,0.25,2019
475,Maranhão,Municipal,Rural,3.9,9.59,49.7,20.51,11.55,5.54,2.01,0.96,0.15,2019
478,Maranhão,Privada,Total,5.36,0.29,5.78,10.66,17.5,23.25,17.79,20.74,4,2019
481,Maranhão,Privada,Urbana,5.4,0.15,5.02,10.24,17.29,23.69,17.75,21.66,4.2,2019
484,Maranhão,Privada,Rural,4.75,2.73,18.9,17.93,21.17,15.55,18.34,4.84,0.54,2019
496,Maranhão,Pública,Total,4.11,6.63,41.8,22.15,15.31,8.5,3.68,1.73,0.2,2019
499,Maranhão,Pública,Urbana,4.18,5.4,38.78,22.87,16.78,9.63,4.29,2.02,0.22,2019
502,Maranhão,Pública,Rural,3.88,10.1,50.35,20.09,11.16,5.29,1.96,0.92,0.14,2019
505,Piauí,Total,Total,4.35,5.76,33.78,19.87,16.39,11.5,6.51,5.18,1,2019
508,Piauí,Total,Urbana,4.45,4.89,30.59,19.86,17.24,12.69,7.47,6.07,1.19,2019
511,Piauí,Total,Rural,3.88,10.06,49.54,19.91,12.23,5.63,1.74,0.82,0.06,2019
514,Piauí,Federal,Total,4.52,3.16,24.39,20.99,21.03,17.96,9.36,3,0.13,2019
517,Piauí,Federal,Urbana,4.56,2.36,23.39,21.54,21.36,18.51,9.51,3.19,0.14,2019
520,Piauí,Federal,Rural,4.15,11.72,35.12,15.07,17.44,12.02,7.74,0.89,0,2019
523,Piauí,Estadual,Total,4.09,8.87,39.67,20.62,15.96,9.27,3.88,1.6,0.13,2019
526,Piauí,Estadual,Urbana,4.11,8.45,38.93,20.83,16.37,9.6,4.03,1.65,0.13,2019
529,Piauí,Estadual,Rural,3.69,16.44,53.12,16.68,8.53,3.33,1.08,0.82,0,2019
532,Piauí,Municipal,Total,4.17,5.54,38.82,22.81,17.19,9.82,3.97,1.69,0.16,2019
535,Piauí,Municipal,Urbana,4.28,4.01,34.63,23.82,19.03,11.42,4.86,2.03,0.2,2019
538,Piauí,Municipal,Rural,3.9,9.37,49.29,20.29,12.57,5.82,1.76,0.82,0.07,2019
541,Piauí,Privada,Total,5.59,0.06,3.48,7.44,14.01,21.87,21.19,25.91,6.04,2019
544,Piauí,Privada,Urbana,5.59,0.06,3.42,7.4,13.99,21.89,21.22,25.96,6.05,2019
547,Piauí,Privada,Rural,4.33,0,32.97,23.46,26.54,11.35,5.68,0,0,2019
559,Piauí,Pública,Total,4.15,6.73,38.91,21.98,16.8,9.74,4.02,1.68,0.15,2019
562,Piauí,Pública,Urbana,4.21,5.91,36.3,22.48,17.92,10.75,4.58,1.89,0.17,2019
565,Piauí,Pública,Rural,3.88,10.08,49.57,19.9,12.21,5.62,1.73,0.82,0.06,2019
568,Ceará,Total,Total,4.44,4.88,29.65,21.09,17.98,12.62,7.39,5.47,0.92,2019
571,Ceará,Total,Urbana,4.5,4.4,27.49,20.83,18.51,13.41,8.11,6.2,1.06,2019
574,Ceará,Total,Rural,4.05,7.76,42.41,22.63,14.84,7.9,3.19,1.15,0.12,2019
577,Ceará,Federal,Total,4.94,1.54,18.17,16.61,18.09,14.3,13.94,15.27,2.08,2019
580,Ceará,Federal,Urbana,4.98,1.38,17.98,15.6,17.73,14.09,14.53,16.39,2.31,2019
583,Ceará,Federal,Rural,4.55,3,19.97,25.97,21.41,16.32,8.45,4.87,0,2019
586,Ceará,Estadual,Total,4.12,8.17,38.4,22.01,16.14,9.43,4.03,1.71,0.11,2019
589,Ceará,Estadual,Urbana,4.13,7.91,37.89,22.12,16.42,9.63,4.14,1.77,0.12,2019
592,Ceará,Estadual,Rural,3.85,12.74,47.39,20.15,11.29,5.75,2.08,0.58,0.02,2019
595,Ceará,Municipal,Total,4.29,4.54,32.87,24.4,19.4,11.4,4.98,2.21,0.2,2019
598,Ceará,Municipal,Urbana,4.36,3.73,30.08,24.86,20.68,12.41,5.5,2.52,0.23,2019
601,Ceará,Municipal,Rural,4.07,7.16,41.84,22.93,15.28,8.14,3.31,1.22,0.13,2019
604,Ceará,Privada,Total,5.51,0.09,3.01,8.36,16.56,22.51,21.55,23.11,4.8,2019
607,Ceará,Privada,Urbana,5.51,0.09,2.99,8.35,16.57,22.51,21.56,23.13,4.8,2019
610,Ceará,Privada,Rural,4.19,0,45.45,27.27,0,18.18,9.09,0,0,2019
622,Ceará,Pública,Total,4.23,5.8,34.77,23.54,18.25,10.71,4.67,2.08,0.18,2019
625,Ceará,Pública,Urbana,4.27,5.4,33.17,23.73,18.96,11.3,4.98,2.27,0.19,2019
628,Ceará,Pública,Rural,4.05,7.76,42.41,22.63,14.85,7.89,3.18,1.15,0.12,2019
631,Rio Grande do Norte,Total,Total,4.66,2.44,21.78,20.75,20.85,16.61,9.82,6.86,0.89,2019
634,Rio Grande do Norte,Total,Urbana,4.7,2.26,20.45,20.26,20.99,17.2,10.44,7.44,0.97,2019
637,Rio Grande do Norte,Total,Rural,4.3,3.97,32.68,24.83,19.76,11.75,4.71,2.13,0.18,2019
640,Rio Grande do Norte,Federal,Total,4.89,0.95,15.83,18.54,21.26,18.59,13.04,10.15,1.64,2019
643,Rio Grande do Norte,Federal,Urbana,4.9,0.97,15.35,18.61,21.08,18.68,13.03,10.6,1.69,2019
646,Rio Grande do Norte,Federal,Rural,4.76,0.8,20.24,17.9,22.97,17.76,13.08,5.98,1.27,2019
649,Rio Grande do Norte,Estadual,Total,4.43,3.71,27.41,23.11,21.4,14.53,6.65,2.91,0.27,2019
652,Rio Grande do Norte,Estadual,Urbana,4.43,3.71,27.04,23.17,21.45,14.69,6.71,2.95,0.28,2019
655,Rio Grande do Norte,Estadual,Rural,4.27,3.9,36.66,21.54,20.12,10.59,5.13,1.88,0.18,2019
658,Rio Grande do Norte,Municipal,Total,4.45,2.56,26.39,25.52,22.11,14.19,6.11,2.86,0.25,2019
661,Rio Grande do Norte,Municipal,Urbana,4.49,2.1,24.5,25.46,22.87,14.97,6.67,3.15,0.28,2019
664,Rio Grande do Norte,Municipal,Rural,4.28,4.16,32.86,25.74,19.5,11.53,4.2,1.88,0.12,2019
667,Rio Grande do Norte,Privada,Total,5.49,0.06,2.64,6.76,17.08,25.21,22.94,22.08,3.23,2019
670,Rio Grande do Norte,Privada,Urbana,5.49,0.06,2.65,6.73,17.05,25.19,22.98,22.1,3.23,2019
673,Rio Grande do Norte,Privada,Rural,5.21,0,0,15.08,25.86,29.87,10.93,16.88,1.38,2019
685,Rio Grande do Norte,Pública,Total,4.46,3,26.29,24.05,21.74,14.58,6.72,3.27,0.33,2019
688,Rio Grande do Norte,Pública,Urbana,4.49,2.85,25.28,23.92,22.05,15.03,7.04,3.46,0.36,2019
691,Rio Grande do Norte,Pública,Rural,4.3,3.99,32.87,24.89,19.72,11.65,4.67,2.04,0.18,2019
694,Paraíba,Total,Total,4.65,3.04,23.51,20.71,19.27,14.53,9.27,7.91,1.76,2019
697,Paraíba,Total,Urbana,4.7,2.76,22.18,20.33,19.41,15.03,9.79,8.58,1.92,2019
700,Paraíba,Total,Rural,4.18,5.75,36.42,24.43,17.99,9.67,4.28,1.32,0.15,2019
703,Paraíba,Federal,Total,4.68,2.28,17.75,21.03,24.92,17.17,10.62,5.97,0.26,2019
706,Paraíba,Federal,Urbana,4.68,2.28,17.75,21.03,24.92,17.17,10.62,5.97,0.26,2019
709,Paraíba,Federal,Rural,0,,,,,,,,,2019
712,Paraíba,Estadual,Total,4.36,4.61,29.41,23.92,19.73,13.22,6.21,2.68,0.21,2019
715,Paraíba,Estadual,Urbana,4.37,4.58,29,23.87,19.93,13.39,6.29,2.73,0.21,2019
718,Paraíba,Estadual,Rural,4.21,5.24,36.48,24.85,16.35,10.38,4.75,1.75,0.19,2019
721,Paraíba,Municipal,Total,4.4,3.15,28.48,24.82,21.58,13.32,6.01,2.42,0.22,2019
724,Paraíba,Municipal,Urbana,4.44,2.6,26.87,24.91,22.22,14.11,6.4,2.66,0.24,2019
727,Paraíba,Municipal,Rural,4.17,5.9,36.54,24.37,18.37,9.37,4.09,1.21,0.14,2019
730,Paraíba,Privada,Total,5.73,0.03,2.32,5.81,12.89,19.38,21.92,29.61,8.04,2019
733,Paraíba,Privada,Urbana,5.73,0.03,2.3,5.79,12.87,19.36,21.93,29.67,8.05,2019
736,Paraíba,Privada,Rural,4.77,1.81,13.47,15.28,24.35,27.46,15.8,1.81,0,2019
748,Paraíba,Pública,Total,4.38,3.77,28.7,24.36,20.84,13.34,6.18,2.59,0.22,2019
751,Paraíba,Pública,Urbana,4.41,3.51,27.68,24.35,21.21,13.83,6.43,2.76,0.23,2019
754,Paraíba,Pública,Rural,4.18,5.77,36.53,24.47,17.96,9.58,4.23,1.32,0.15,2019
757,Pernambuco,Total,Total,4.61,3.02,23.25,21.58,20.3,14.67,8.98,7.06,1.13,2019
760,Pernambuco,Total,Urbana,4.67,2.63,21.38,21.29,20.58,15.34,9.69,7.82,1.27,2019
763,Pernambuco,Total,Rural,4.18,5.85,36.89,23.69,18.27,9.81,3.82,1.56,0.11,2019
766,Pernambuco,Federal,Total,5.34,1.03,10.01,12.08,15.19,16.3,15.72,24.83,4.84,2019
769,Pernambuco,Federal,Urbana,5.58,0.57,5.88,9.11,12.67,16.09,18.11,31.16,6.42,2019
772,Pernambuco,Federal,Rural,4.59,2.44,22.62,21.15,22.86,16.97,8.43,5.53,0,2019
775,Pernambuco,Estadual,Total,4.41,3.96,27.48,23.82,21.59,13.59,6.55,2.81,0.21,2019
778,Pernambuco,Estadual,Urbana,4.42,3.86,26.96,23.87,21.8,13.75,6.67,2.89,0.21,2019
781,Pernambuco,Estadual,Rural,4.22,5.55,35.64,23.05,18.24,10.99,4.76,1.6,0.17,2019
784,Pernambuco,Municipal,Total,4.35,3.64,29.18,25.9,21.65,12.14,5.07,2.21,0.21,2019
787,Pernambuco,Municipal,Urbana,4.4,2.99,26.92,26.46,22.6,12.91,5.47,2.41,0.24,2019
790,Pernambuco,Municipal,Rural,4.16,6.07,37.67,23.83,18.08,9.25,3.54,1.46,0.1,2019
793,Pernambuco,Privada,Total,5.56,0,2.36,7.79,15.06,22.51,22.24,25.25,4.79,2019
796,Pernambuco,Privada,Urbana,5.57,0,2.21,7.64,14.98,22.52,22.39,25.43,4.83,2019
799,Pernambuco,Privada,Rural,4.57,0,20.17,25.93,25.65,21.62,4.04,2.6,0,2019
811,Pernambuco,Pública,Total,4.38,3.75,28.3,24.91,21.57,12.78,5.78,2.66,0.25,2019
814,Pernambuco,Pública,Urbana,4.42,3.37,26.77,25.13,22.16,13.32,6.12,2.86,0.27,2019
817,Pernambuco,Pública,Rural,4.18,5.93,37.11,23.66,18.18,9.65,3.82,1.55,0.11,2019
820,Alagoas,Total,Total,4.45,4.72,29.48,21,18.02,12.46,7.49,5.73,1.11,2019
823,Alagoas,Total,Urbana,4.54,3.96,26.78,20.82,18.67,13.46,8.36,6.63,1.32,2019
826,Alagoas,Total,Rural,4.05,8.34,42.38,21.84,14.9,7.66,3.35,1.41,0.11,2019
829,Alagoas,Federal,Total,4.58,1.96,25.52,21.99,19.59,15.48,8.94,5.92,0.6,2019
832,Alagoas,Federal,Urbana,4.58,1.96,25.52,21.99,19.59,15.48,8.94,5.92,0.6,2019
835,Alagoas,Federal,Rural,0,,,,,,,,,2019
838,Alagoas,Estadual,Total,4.22,6.21,34.23,23.45,18.74,10.75,4.6,1.85,0.18,2019
841,Alagoas,Estadual,Urbana,4.23,6.12,33.81,23.56,18.98,10.88,4.61,1.85,0.19,2019
844,Alagoas,Estadual,Rural,4.11,7.62,40.59,21.7,15.01,8.72,4.38,1.84,0.14,2019
847,Alagoas,Municipal,Total,4.22,5.52,35.67,23.8,18.07,10.42,4.39,1.97,0.16,2019
850,Alagoas,Municipal,Urbana,4.3,4.29,32.71,24.59,19.42,11.65,4.9,2.25,0.19,2019
853,Alagoas,Municipal,Rural,4.03,8.47,42.76,21.9,14.83,7.46,3.18,1.3,0.1,2019
856,Alagoas,Privada,Total,5.55,0.07,2.6,7.94,16.42,21.33,21.9,24.03,5.71,2019
859,Alagoas,Privada,Urbana,5.56,0.07,2.55,7.91,16.37,21.33,21.94,24.09,5.74,2019
862,Alagoas,Privada,Rural,5.01,0,12.19,14.21,25.45,21.45,13.31,12.36,1.03,2019
874,Alagoas,Pública,Total,4.23,5.66,34.89,23.62,18.34,10.67,4.59,2.04,0.18,2019
877,Alagoas,Pública,Urbana,4.28,4.95,32.9,24.08,19.25,11.47,4.92,2.22,0.2,2019
880,Alagoas,Pública,Rural,4.04,8.39,42.53,21.88,14.85,7.59,3.3,1.35,0.1,2019
883,Sergipe,Total,Total,4.56,3.86,26.56,19.55,18.14,14.16,9.56,7.09,1.07,2019
886,Sergipe,Total,Urbana,4.66,3.21,23.37,19.01,18.87,15.33,10.77,8.2,1.25,2019
889,Sergipe,Total,Rural,4.05,7.33,43.43,22.43,14.3,7.97,3.17,1.25,0.13,2019
892,Sergipe,Federal,Total,4.77,0.94,19.1,18.94,23.13,17.86,11.51,8.52,0,2019
895,Sergipe,Federal,Urbana,4.91,0.33,16.05,15.31,22.98,19.71,15.01,10.6,0,2019
898,Sergipe,Federal,Rural,4.45,2.35,26.1,27.28,23.48,13.6,3.47,3.73,0,2019
901,Sergipe,Estadual,Total,4.31,5.26,31.72,22.6,19.47,12.42,5.98,2.37,0.18,2019
904,Sergipe,Estadual,Urbana,4.33,5.04,31.09,22.65,19.81,12.66,6.15,2.4,0.19,2019
907,Sergipe,Estadual,Rural,3.94,10.2,45.76,21.39,11.88,6.97,2.07,1.65,0.08,2019
910,Sergipe,Municipal,Total,4.25,4.68,35.3,23.65,18.62,10.73,4.78,1.97,0.27,2019
913,Sergipe,Municipal,Urbana,4.37,3.27,30.33,24.27,21.04,12.46,5.73,2.55,0.35,2019
916,Sergipe,Municipal,Rural,4.05,7.12,43.89,22.58,14.43,7.74,3.14,0.98,0.13,2019
919,Sergipe,Privada,Total,5.53,0.11,2.94,7.3,14.86,22.91,23.86,24.01,4.02,2019
922,Sergipe,Privada,Urbana,5.54,0.09,2.94,7.24,14.84,22.86,23.92,24.07,4.04,2019
925,Sergipe,Privada,Rural,5.14,2.56,3.38,14.45,16.91,29.71,15.99,16.19,0.82,2019
937,Sergipe,Pública,Total,4.29,4.94,33.35,23.08,19.09,11.64,5.44,2.23,0.22,2019
940,Sergipe,Pública,Urbana,4.35,4.32,30.69,23.22,20.31,12.63,6.06,2.52,0.25,2019
943,Sergipe,Pública,Rural,4.04,7.38,43.86,22.51,14.27,7.74,3.03,1.08,0.12,2019
946,Bahia,Total,Total,4.58,2.98,24.15,21.54,20.77,14.85,8.63,6.08,1.01,2019
949,Bahia,Total,Urbana,4.66,2.64,21.55,20.92,21.18,15.84,9.64,7.04,1.19,2019
952,Bahia,Total,Rural,4.21,4.57,36.43,24.46,18.83,10.15,3.86,1.55,0.14,2019
955,Bahia,Federal,Total,4.92,0.73,13.82,19.4,19.97,20.11,14.46,10.5,1.01,2019
958,Bahia,Federal,Urbana,4.96,0.66,13.2,18.92,19.39,20.35,15,11.37,1.11,2019
961,Bahia,Federal,Rural,4.63,1.32,19.09,23.48,24.89,18.04,9.86,3.09,0.22,2019
964,Bahia,Estadual,Total,4.36,4.69,29.47,23.16,20.72,12.87,6.08,2.76,0.23,2019
967,Bahia,Estadual,Urbana,4.37,4.53,28.74,23.18,21.05,13.17,6.24,2.86,0.24,2019
970,Bahia,Estadual,Rural,4.08,7.33,41.24,22.89,15.46,8.15,3.54,1.28,0.11,2019
973,Bahia,Municipal,Total,4.43,2.77,27.11,24.76,22.12,13.87,6.25,2.85,0.28,2019
976,Bahia,Municipal,Urbana,4.52,2.14,23.33,24.8,23.48,15.34,7.22,3.37,0.33,2019
979,Bahia,Municipal,Rural,4.22,4.32,36.36,24.68,18.79,10.26,3.86,1.58,0.15,2019
982,Bahia,Privada,Total,5.58,0.08,2.44,6.54,16.13,22.39,22.39,24.69,5.34,2019
985,Bahia,Privada,Urbana,5.6,0.05,2.08,6.14,15.61,22.59,22.83,25.23,5.47,2019
988,Bahia,Privada,Rural,4.53,1.2,17.63,23.49,37.86,14.27,3.95,1.6,0,2019
1000,Bahia,Pública,Total,4.41,3.48,27.87,24.1,21.57,13.56,6.27,2.9,0.27,2019
1003,Bahia,Pública,Urbana,4.46,3.18,25.62,24.01,22.35,14.43,6.88,3.23,0.3,2019
1006,Bahia,Pública,Rural,4.21,4.63,36.8,24.48,18.46,10.07,3.86,1.55,0.14,2019
1009,Minas Gerais,Total,Total,5.11,0.96,10.78,13.92,19.88,20.97,16.43,14.72,2.35,2019
1012,Minas Gerais,Total,Urbana,5.14,0.87,10.08,13.61,19.83,21.21,16.79,15.17,2.44,2019
1015,Minas Gerais,Total,Rural,4.51,2.89,26.44,20.85,20.9,15.65,8.39,4.57,0.31,2019
1018,Minas Gerais,Federal,Total,5.58,0.1,3.11,7.04,13.59,21.84,22.94,27.24,4.14,2019
1021,Minas Gerais,Federal,Urbana,5.68,0.05,2.2,5.92,12.18,20.62,23.27,30.85,4.92,2019
1024,Minas Gerais,Federal,Rural,5.25,0.27,6.26,10.89,18.43,26.05,21.79,14.85,1.47,2019
1027,Minas Gerais,Estadual,Total,4.93,1.35,13.46,15.77,21.54,21.66,15.2,10.14,0.89,2019
1030,Minas Gerais,Estadual,Urbana,4.95,1.25,12.75,15.6,21.68,21.98,15.48,10.36,0.91,2019
1033,Minas Gerais,Estadual,Rural,4.19,5.22,39.16,22.11,16.25,10.08,4.75,2.27,0.15,2019
1036,Minas Gerais,Municipal,Total,5.02,0.58,9.93,15.57,22.84,23.07,16.27,10.78,0.96,2019
1039,Minas Gerais,Municipal,Urbana,5.06,0.49,8.99,15.09,22.73,23.52,16.87,11.29,1.02,2019
1042,Minas Gerais,Municipal,Rural,4.63,1.65,20.77,21.08,24.07,17.95,9.36,4.85,0.27,2019
1045,Minas Gerais,Privada,Total,6.15,0.06,0.56,1.24,4.65,12.1,22.31,46.18,12.9,2019
1048,Minas Gerais,Privada,Urbana,6.16,0.03,0.42,1.09,4.51,12.03,22.42,46.49,13,2019
1051,Minas Gerais,Privada,Rural,4.76,3.36,16.72,18.98,20.88,20.73,9.12,9.14,1.07,2019
1063,Minas Gerais,Pública,Total,4.97,1.07,12.13,15.6,21.89,22.15,15.65,10.56,0.95,2019
1066,Minas Gerais,Pública,Urbana,4.99,0.99,11.41,15.34,21.94,22.48,16.01,10.86,0.98,2019
1069,Minas Gerais,Pública,Rural,4.5,2.88,26.67,20.89,20.91,15.53,8.37,4.46,0.29,2019
1072,Espírito Santo,Total,Total,5.08,0.69,10.3,15.6,21.19,20.68,15.72,13.59,2.24,2019
1075,Espírito Santo,Total,Urbana,5.11,0.66,9.91,15.3,20.97,20.75,15.97,14.08,2.35,2019
1078,Espírito Santo,Total,Rural,4.78,1.05,15.89,19.95,24.4,19.68,12.06,6.36,0.62,2019
1081,Espírito Santo,Federal,Total,5.6,0.07,2.39,5.37,15.78,22.04,22.58,26.96,4.81,2019
1084,Espírito Santo,Federal,Urbana,5.63,0.08,2.62,5.3,15.05,20.89,22.13,28.44,5.49,2019
1087,Espírito Santo,Federal,Rural,5.47,0,1.4,5.66,18.9,26.97,24.5,20.67,1.91,2019
1090,Espírito Santo,Estadual,Total,4.88,1.04,12.87,18.13,23.44,21.85,14.13,7.97,0.58,2019
1093,Espírito Santo,Estadual,Urbana,4.89,1.04,12.67,18.07,23.47,21.91,14.21,8.04,0.59,2019
1096,Espírito Santo,Estadual,Rural,4.76,1.06,17.32,19.64,22.61,20.51,12.22,6.39,0.25,2019
1099,Espírito Santo,Municipal,Total,4.94,0.61,11.24,17.8,24.24,22.03,14.45,8.82,0.8,2019
1102,Espírito Santo,Municipal,Urbana,4.96,0.56,10.71,17.49,24.09,22.38,14.78,9.16,0.83,2019
1105,Espírito Santo,Municipal,Rural,4.74,1.13,16.49,20.87,25.79,18.65,11.15,5.43,0.48,2019
1108,Espírito Santo,Privada,Total,6.15,0.03,0.33,1.34,4.06,12.2,24.2,45.83,12.02,2019
1111,Espírito Santo,Privada,Urbana,6.15,0.03,0.26,1.15,4.02,12.04,24.28,46.16,12.06,2019
1114,Espírito Santo,Privada,Rural,5.18,0,7.69,23.08,7.69,30.77,15.38,7.69,7.69,2019
1126,Espírito Santo,Pública,Total,4.93,0.79,11.79,17.74,23.76,21.95,14.45,8.75,0.77,2019
1129,Espírito Santo,Pública,Urbana,4.94,0.77,11.46,17.57,23.68,22.15,14.64,8.94,0.79,2019
1132,Espírito Santo,Pública,Rural,4.77,1.06,16.04,19.9,24.7,19.48,12,6.33,0.49,2019
1135,Rio de Janeiro,Total,Total,5.16,0.52,8.13,14.86,21.41,21.34,15.87,15.19,2.68,2019
1138,Rio de Janeiro,Total,Urbana,5.17,0.51,7.92,14.68,21.31,21.37,16.01,15.49,2.72,2019
1141,Rio de Janeiro,Total,Rural,4.9,0.87,12.91,19,23.71,20.59,12.75,8.35,1.82,2019
1144,Rio de Janeiro,Federal,Total,5.57,0,2.38,7.41,14.69,22.96,22.02,26.76,3.79,2019
1147,Rio de Janeiro,Federal,Urbana,5.57,0,2.37,7.33,14.53,22.92,21.92,27.13,3.8,2019
1150,Rio de Janeiro,Federal,Rural,5.38,0,2.6,10.15,20.04,24.07,25.21,14.32,3.62,2019
1153,Rio de Janeiro,Estadual,Total,4.86,1.04,12.45,19.23,25.53,20.94,12.83,7.33,0.65,2019
1156,Rio de Janeiro,Estadual,Urbana,4.86,1.02,12.31,19.23,25.61,20.96,12.86,7.34,0.66,2019
1159,Rio de Janeiro,Estadual,Rural,4.78,1.46,16.15,19.24,23.37,20.39,11.88,7.07,0.43,2019
1162,Rio de Janeiro,Municipal,Total,4.91,0.55,10.64,19.57,25.84,21.65,13.02,7.94,0.8,2019
1165,Rio de Janeiro,Municipal,Urbana,4.91,0.54,10.48,19.52,25.9,21.7,13.07,7.99,0.81,2019
1168,Rio de Janeiro,Municipal,Rural,4.85,0.73,12.82,20.32,24.96,21.03,12.26,7.23,0.65,2019
1171,Rio de Janeiro,Privada,Total,5.81,0,0.5,4,11.18,21.18,22.75,33.01,7.39,2019
1174,Rio de Janeiro,Privada,Urbana,5.81,0,0.5,4.01,11.19,21.23,22.77,33.05,7.26,2019
1177,Rio de Janeiro,Privada,Rural,6.12,0,0.54,2.06,9.43,15.06,21.01,28.23,23.67,2019
1189,Rio de Janeiro,Pública,Total,4.9,0.73,11.18,19.2,25.5,21.4,13.12,8.07,0.8,2019
1192,Rio de Janeiro,Pública,Urbana,4.9,0.72,11.03,19.16,25.56,21.43,13.17,8.12,0.81,2019
1195,Rio de Janeiro,Pública,Rural,4.84,0.92,13.59,19.93,24.49,20.89,12.3,7.26,0.62,2019
1198,São Paulo,Total,Total,5.42,0.22,4.23,9.62,17.87,22.98,20.77,19.79,4.52,2019
1201,São Paulo,Total,Urbana,5.42,0.22,4.18,9.57,17.82,22.97,20.82,19.88,4.55,2019
1204,São Paulo,Total,Rural,5.16,0.38,8.19,13.25,21.42,23.67,17.16,13.77,2.15,2019
1207,São Paulo,Federal,Total,5.7,0.05,1.17,4.09,11.28,23.1,26.28,29.36,4.67,2019
1210,São Paulo,Federal,Urbana,5.7,0.05,1.17,4.09,11.28,23.1,26.28,29.36,4.67,2019
1213,São Paulo,Federal,Rural,0,,,,,,,,,2019
1216,São Paulo,Estadual,Total,5.22,0.28,5.18,11.62,21.04,25.81,20.63,14.26,1.19,2019
1219,São Paulo,Estadual,Urbana,5.23,0.28,5.12,11.59,21.02,25.83,20.67,14.3,1.19,2019
1222,São Paulo,Estadual,Rural,5.05,0.43,9.81,14.49,22.46,23.81,16.97,11.12,0.91,2019
1225,São Paulo,Municipal,Total,5.24,0.21,5.07,11.61,20.92,25.56,20.52,14.78,1.34,2019
1228,São Paulo,Municipal,Urbana,5.24,0.2,5.01,11.55,20.87,25.55,20.59,14.87,1.35,2019
1231,São Paulo,Municipal,Rural,5.09,0.39,7.81,13.91,22.91,25.68,17.26,11,1.04,2019
1234,São Paulo,Privada,Total,6.28,0.06,0.2,0.7,3.86,10.68,21.5,43.75,19.24,2019
1237,São Paulo,Privada,Urbana,6.28,0.06,0.2,0.7,3.86,10.68,21.52,43.72,19.26,2019
1240,São Paulo,Privada,Rural,6.27,0,0.14,1.06,5.34,10.19,17.8,48.37,17.1,2019
1252,São Paulo,Pública,Total,5.23,0.25,5.13,11.6,20.98,25.71,20.6,14.47,1.25,2019
1255,São Paulo,Pública,Urbana,5.23,0.25,5.07,11.56,20.95,25.73,20.66,14.53,1.25,2019
1258,São Paulo,Pública,Rural,5.07,0.41,8.82,14.21,22.68,24.73,17.11,11.06,0.98,2019
1261,Paraná,Total,Total,5.45,0.15,4.26,8.98,16.71,22.84,21.4,21.7,3.95,2019
1264,Paraná,Total,Urbana,5.47,0.14,3.95,8.64,16.38,22.84,21.69,22.27,4.1,2019
1267,Paraná,Total,Rural,4.97,0.52,10.99,16.38,23.96,22.81,15.17,9.38,0.81,2019
1270,Paraná,Federal,Total,5.86,0.09,0.48,3.35,9.61,19.1,23.75,37.55,6.07,2019
1273,Paraná,Federal,Urbana,5.86,0.09,0.43,3.13,9.6,19.01,23.79,37.81,6.14,2019
1276,Paraná,Federal,Rural,5.22,0,5.26,21.05,10.53,26.32,21.05,15.79,0,2019
1279,Paraná,Estadual,Total,5.3,0.22,5.16,10.26,18.75,25.13,22.08,16.92,1.48,2019
1282,Paraná,Estadual,Urbana,5.32,0.2,4.77,9.9,18.46,25.28,22.5,17.37,1.53,2019
1285,Paraná,Estadual,Rural,4.9,0.63,12.84,17.36,24.44,22.16,13.83,8.13,0.6,2019
1288,Paraná,Municipal,Total,5.27,0.12,4.73,10.75,20.06,25.82,21.62,15.52,1.38,2019
1291,Paraná,Municipal,Urbana,5.29,0.11,4.49,10.48,19.82,25.91,21.93,15.84,1.43,2019
1294,Paraná,Municipal,Rural,5.02,0.39,8.82,15.32,24.03,24.36,16.33,10.23,0.52,2019
1297,Paraná,Privada,Total,6.36,0,0.17,0.71,2.27,8.13,18.36,51.87,18.5,2019
1300,Paraná,Privada,Urbana,6.36,0,0.16,0.67,2.24,8.13,18.29,52,18.52,2019
1303,Paraná,Privada,Rural,5.91,0,1,7.98,8.2,8.2,31.02,29.56,14.04,2019
1315,Paraná,Pública,Total,5.29,0.18,4.96,10.38,19.16,25.34,21.92,16.58,1.48,2019
1318,Paraná,Pública,Urbana,5.31,0.16,4.62,10.06,18.89,25.46,22.3,16.98,1.53,2019
1321,Paraná,Pública,Rural,4.95,0.53,11.17,16.53,24.24,23.07,14.88,9.01,0.57,2019
1324,Santa Catarina,Total,Total,5.59,0.08,2.19,6.14,13.77,23.1,25.27,25.45,4,2019
1327,Santa Catarina,Total,Urbana,5.6,0.08,2.13,5.96,13.51,22.87,25.3,25.99,4.16,2019
1330,Santa Catarina,Total,Rural,5.34,0.14,3.15,9.16,18.31,27.25,24.72,16.12,1.14,2019
1333,Santa Catarina,Federal,Total,5.87,0.07,0.55,2.21,6.88,18.37,30.33,36.53,5.07,2019
1336,Santa Catarina,Federal,Urbana,5.88,0.04,0.52,2.11,6.38,18.29,30.45,36.99,5.22,2019
1339,Santa Catarina,Federal,Rural,5.68,0.53,0.81,3.51,13,19.28,28.78,30.87,3.22,2019
1342,Santa Catarina,Estadual,Total,5.46,0.11,2.63,7.1,15.72,25.58,26.06,21.1,1.7,2019
1345,Santa Catarina,Estadual,Urbana,5.46,0.1,2.6,7,15.59,25.53,26.13,21.33,1.72,2019
1348,Santa Catarina,Estadual,Rural,5.33,0.23,3.42,9.26,18.6,26.65,24.49,16.02,1.32,2019
1351,Santa Catarina,Municipal,Total,5.46,0.06,2.38,7.04,15.83,25.74,26.23,20.85,1.86,2019
1354,Santa Catarina,Municipal,Urbana,5.48,0.06,2.31,6.82,15.59,25.54,26.38,21.35,1.95,2019
1357,Santa Catarina,Municipal,Rural,5.33,0.07,3.06,9.31,18.33,27.89,24.71,15.71,0.92,2019
1360,Santa Catarina,Privada,Total,6.41,0.03,0.1,0.31,1.19,6.59,18.91,54.06,18.81,2019
1363,Santa Catarina,Privada,Urbana,6.41,0.03,0.1,0.31,1.19,6.57,18.9,54.08,18.81,2019
1366,Santa Catarina,Privada,Rural,5.91,0,0,0,5,32.5,32.5,13.33,16.67,2019
1378,Santa Catarina,Pública,Total,5.47,0.09,2.49,6.99,15.62,25.53,26.2,21.25,1.82,2019
1381,Santa Catarina,Pública,Urbana,5.48,0.08,2.45,6.85,15.44,25.41,26.3,21.59,1.87,2019
1384,Santa Catarina,Pública,Rural,5.34,0.14,3.15,9.18,18.33,27.25,24.71,16.13,1.12,2019
1387,Rio Grande do Sul,Total,Total,5.46,0.16,3.92,8.62,16.41,22.63,22.04,22.48,3.74,2019
1390,Rio Grande do Sul,Total,Urbana,5.48,0.16,3.73,8.35,16.06,22.54,22.2,23.05,3.91,2019
1393,Rio Grande do Sul,Total,Rural,5.17,0.18,6.96,12.85,21.72,23.94,19.56,13.74,1.05,2019
1396,Rio Grande do Sul,Federal,Total,5.77,0.05,1.45,5.5,10.57,18.04,24.66,33.08,6.64,2019
1399,Rio Grande do Sul,Federal,Urbana,5.83,0.07,1.42,4.76,9.46,16.82,25.43,34.8,7.25,2019
1402,Rio Grande do Sul,Federal,Rural,5.53,0,1.62,8.79,15.51,23.49,21.21,25.45,3.95,2019
1405,Rio Grande do Sul,Estadual,Total,5.36,0.18,4.37,9.42,17.87,24.23,22.8,19.39,1.73,2019
1408,Rio Grande do Sul,Estadual,Urbana,5.37,0.18,4.23,9.26,17.76,24.3,22.92,19.6,1.76,2019
1411,Rio Grande do Sul,Estadual,Rural,5.17,0.14,7.9,13.26,20.46,22.75,20.12,14.3,1.07,2019
1414,Rio Grande do Sul,Municipal,Total,5.28,0.18,4.75,10.54,19.51,25.19,22.26,16.35,1.21,2019
1417,Rio Grande do Sul,Municipal,Urbana,5.3,0.17,4.49,10.25,19.11,25.26,22.64,16.82,1.26,2019
1420,Rio Grande do Sul,Municipal,Rural,5.14,0.22,6.93,13,22.94,24.62,19,12.46,0.84,2019
1423,Rio Grande do Sul,Privada,Total,6.27,0.05,0.4,1.08,3.69,10.66,18.48,48.42,17.22,2019
1426,Rio Grande do Sul,Privada,Urbana,6.27,0.05,0.41,1.06,3.68,10.63,18.43,48.48,17.27,2019
1429,Rio Grande do Sul,Privada,Rural,5.68,0,0,6.81,9.41,20.91,33.42,28.13,1.33,2019
1441,Rio Grande do Sul,Pública,Total,5.34,0.18,4.48,9.82,18.42,24.52,22.61,18.37,1.6,2019
1444,Rio Grande do Sul,Pública,Urbana,5.35,0.18,4.29,9.59,18.17,24.57,22.84,18.72,1.64,2019
1447,Rio Grande do Sul,Pública,Rural,5.16,0.18,7.01,12.89,21.8,23.96,19.46,13.64,1.05,2019
1450,Mato Grosso do Sul,Total,Total,5.16,0.4,8.97,14.42,20.8,21.56,16.25,14.74,2.86,2019
1453,Mato Grosso do Sul,Total,Urbana,5.2,0.3,8.03,13.75,20.62,21.85,16.82,15.55,3.07,2019
1456,Mato Grosso do Sul,Total,Rural,4.67,1.53,19.82,22.11,22.83,18.18,9.67,5.34,0.52,2019
1459,Mato Grosso do Sul,Federal,Total,5.85,0.22,1,6.51,6.75,14.07,26.04,37.74,7.66,2019
1462,Mato Grosso do Sul,Federal,Urbana,6.06,0.35,0,3.69,4.16,11.26,24.68,45.81,10.05,2019
1465,Mato Grosso do Sul,Federal,Rural,5.5,0,2.69,11.28,11.13,18.81,28.33,24.15,3.62,2019
1468,Mato Grosso do Sul,Estadual,Total,5.05,0.42,9.45,15.47,22.43,23.15,16.5,11.45,1.12,2019
1471,Mato Grosso do Sul,Estadual,Urbana,5.07,0.36,8.9,15.1,22.35,23.42,16.9,11.82,1.16,2019
1474,Mato Grosso do Sul,Estadual,Rural,4.69,1.36,18.48,21.68,23.73,18.78,9.94,5.49,0.53,2019
1477,Mato Grosso do Sul,Municipal,Total,4.98,0.46,10.97,16.97,23.4,22.63,14.83,9.77,0.97,2019
1480,Mato Grosso do Sul,Municipal,Urbana,5.03,0.27,9.38,16.1,23.56,23.36,15.73,10.55,1.05,2019
1483,Mato Grosso do Sul,Municipal,Rural,4.6,1.8,22.12,23.06,22.3,17.51,8.51,4.33,0.37,2019
1486,Mato Grosso do Sul,Privada,Total,6.25,0.09,0.3,1.1,4.74,10.56,19.3,46.39,17.53,2019
1489,Mato Grosso do Sul,Privada,Urbana,6.28,0.09,0.13,0.7,4.14,10.28,19.44,47.29,17.92,2019
1492,Mato Grosso do Sul,Privada,Rural,4.95,0,7.33,18.35,30.62,22.61,13.11,7.36,0.62,2019
1504,Mato Grosso do Sul,Pública,Total,5.03,0.44,10.01,16.03,22.73,22.89,15.88,10.93,1.1,2019
1507,Mato Grosso do Sul,Pública,Urbana,5.06,0.33,9.05,15.44,22.75,23.35,16.48,11.46,1.15,2019
1510,Mato Grosso do Sul,Pública,Rural,4.66,1.58,20.22,22.23,22.58,18.04,9.56,5.28,0.52,2019
1513,Mato Grosso,Total,Total,5.03,0.37,10.96,16.95,22.68,21.23,14.2,11.42,2.2,2019
1516,Mato Grosso,Total,Urbana,5.06,0.35,10.52,16.46,22.34,21.23,14.61,12.1,2.38,2019
1519,Mato Grosso,Total,Rural,4.74,0.52,15.42,21.91,26.12,21.18,10.01,4.55,0.29,2019
1522,Mato Grosso,Federal,Total,5.26,0.1,5.11,12,20.23,25.83,18.73,17.1,0.9,2019
1525,Mato Grosso,Federal,Urbana,5.31,0,4.3,11.15,19.18,26.25,19.73,18.41,0.99,2019
1528,Mato Grosso,Federal,Rural,5.09,0.46,7.85,14.89,23.77,24.42,15.36,12.67,0.58,2019
1531,Mato Grosso,Estadual,Total,4.89,0.44,12.46,18.8,24.61,22.22,13.18,7.57,0.72,2019
1534,Mato Grosso,Estadual,Urbana,4.91,0.43,12.11,18.51,24.54,22.35,13.46,7.83,0.76,2019
1537,Mato Grosso,Estadual,Rural,4.71,0.57,16.83,22.32,25.4,20.58,9.72,4.36,0.22,2019
1540,Mato Grosso,Municipal,Total,4.9,0.36,12.23,18.91,24.98,21.78,13.1,7.88,0.76,2019
1543,Mato Grosso,Municipal,Urbana,4.93,0.34,11.8,18.32,24.57,21.82,13.71,8.61,0.84,2019
1546,Mato Grosso,Municipal,Rural,4.74,0.46,14.59,22.22,27.27,21.56,9.74,3.83,0.33,2019
1549,Mato Grosso,Privada,Total,6.07,0.02,0.57,2.94,7.07,13.73,21.66,40.12,13.9,2019
1552,Mato Grosso,Privada,Urbana,6.07,0.02,0.57,2.95,7.07,13.72,21.65,40.11,13.91,2019
1555,Mato Grosso,Privada,Rural,5.94,0,0,0,6.25,18.75,31.25,43.75,0,2019
1567,Mato Grosso,Pública,Total,4.9,0.41,12.25,18.7,24.63,22.16,13.26,7.84,0.74,2019
1570,Mato Grosso,Pública,Urbana,4.92,0.4,11.89,18.34,24.46,22.27,13.63,8.22,0.79,2019
1573,Mato Grosso,Pública,Rural,4.74,0.52,15.44,21.95,26.15,21.18,9.98,4.49,0.29,2019
1576,Goiás,Total,Total,5.16,0.55,7.86,13.42,21.28,23.45,17.01,14.05,2.38,2019
1579,Goiás,Total,Urbana,5.18,0.52,7.66,13.26,21.15,23.51,17.19,14.26,2.44,2019
1582,Goiás,Total,Rural,4.81,1.45,14.18,18.32,25.33,21.65,11.26,7.22,0.59,2019
1585,Goiás,Federal,Total,5.31,0.9,3.79,9.09,20.23,25.42,22.77,16.14,1.67,2019
1588,Goiás,Federal,Urbana,5.35,0.93,3.58,8.31,18.63,26.43,23.66,16.55,1.91,2019
1591,Goiás,Federal,Rural,5.2,0.8,4.4,11.45,25.06,22.37,20.11,14.89,0.92,2019
1594,Goiás,Estadual,Total,4.99,0.83,9.89,15.43,23.83,24.27,15.21,9.65,0.88,2019
1597,Goiás,Estadual,Urbana,5,0.79,9.71,15.33,23.8,24.41,15.34,9.73,0.89,2019
1600,Goiás,Estadual,Rural,4.54,3.69,21.04,21.77,25.54,15.84,7.38,4.55,0.19,2019
1603,Goiás,Municipal,Total,4.99,0.44,8.8,16.13,24.99,25.22,15.35,8.34,0.73,2019
1606,Goiás,Municipal,Urbana,5,0.42,8.54,15.99,24.89,25.34,15.56,8.5,0.75,2019
1609,Goiás,Municipal,Rural,4.81,0.82,13.54,18.55,26.87,23,11.42,5.47,0.33,2019
1612,Goiás,Privada,Total,6,0,0.52,2.21,6.24,17.25,25.25,38.42,10.1,2019
1615,Goiás,Privada,Urbana,6,0,0.48,2.14,6.24,17.12,25.35,38.51,10.15,2019
1618,Goiás,Privada,Rural,5.56,0,4.6,9.57,6.48,30.23,14.66,29.61,4.85,2019
1630,Goiás,Pública,Total,5,0.66,9.34,15.67,24.31,24.7,15.35,9.14,0.82,2019
1633,Goiás,Pública,Urbana,5,0.63,9.15,15.56,24.23,24.83,15.5,9.25,0.84,2019
1636,Goiás,Pública,Rural,4.77,1.53,14.72,18.82,26.4,21.16,11.07,5.95,0.34,2019
1639,Distrito Federal,Total,Total,5.54,0.27,3.97,8.6,16.18,20.61,19.44,24.31,6.62,2019
1642,Distrito Federal,Total,Urbana,5.56,0.25,3.74,8.29,15.92,20.5,19.6,24.86,6.85,2019
1645,Distrito Federal,Total,Rural,5.02,0.72,9.63,16.23,22.45,23.42,15.56,10.88,1.13,2019
1648,Distrito Federal,Federal,Total,6.02,0,0.7,4.22,6.75,9.31,24.45,49.09,5.48,2019
1651,Distrito Federal,Federal,Urbana,6.08,0,0.12,2.93,5.96,8.6,25.07,51.47,5.85,2019
1654,Distrito Federal,Federal,Rural,5.04,0,9.31,23.45,18.61,19.98,15.14,13.52,0,2019
1657,Distrito Federal,Estadual,Total,5.26,0.31,5.22,11.33,20.55,24.84,19.78,15.94,2.03,2019
1660,Distrito Federal,Estadual,Urbana,5.27,0.3,5.06,11.1,20.42,24.87,19.98,16.2,2.08,2019
1663,Distrito Federal,Estadual,Rural,5.05,0.65,8.27,15.77,22.97,24.18,16.1,10.99,1.08,2019
1666,Distrito Federal,Municipal,Total,0,,,,,,,,,2019
1669,Distrito Federal,Municipal,Urbana,0,,,,,,,,,2019
1672,Distrito Federal,Municipal,Rural,0,,,,,,,,,2019
1675,Distrito Federal,Privada,Total,6.32,0.14,0.49,0.87,3.95,8.9,18.24,47.44,19.96,2019
1678,Distrito Federal,Privada,Urbana,6.33,0.13,0.24,0.73,3.9,8.91,18.34,47.69,20.07,2019
1681,Distrito Federal,Privada,Rural,4.35,2.75,41.23,23.66,12,7.34,3.22,7.13,2.67,2019
1693,Distrito Federal,Pública,Total,5.27,0.31,5.15,11.23,20.34,24.6,19.85,16.43,2.08,2019
1696,Distrito Federal,Pública,Urbana,5.29,0.29,4.99,10.98,20.21,24.63,20.05,16.72,2.13,2019
1699,Distrito Federal,Pública,Rural,5.05,0.63,8.29,15.91,22.89,24.1,16.08,11.03,1.06,2019
0,Rondônia,Total,Total,4.97,0.36,9.09,19.03,26.39,21.56,12.96,9.11,1.51,2021
3,Rondônia,Total,Urbana,5.0,0.32,8.72,18.4,25.93,21.65,13.61,9.73,1.64,2021
6,Rondônia,Total,Rural,4.71,0.67,12.36,24.51,30.47,20.75,7.29,3.66,0.3,2021
9,Rondônia,Federal,Total,0.0,,,,,,,,,2021
12,Rondônia,Federal,Urbana,0.0,,,,,,,,,2021
15,Rondônia,Federal,Rural,0.0,,,,,,,,,2021
18,Rondônia,Estadual,Total,4.94,0.33,8.78,19.12,27.21,22.58,13.3,7.78,0.9,2021
21,Rondônia,Estadual,Urbana,4.95,0.3,8.73,18.98,27.09,22.6,13.45,7.92,0.91,2021
24,Rondônia,Estadual,Rural,4.71,1.21,10.85,24.15,31.48,21.85,7.66,2.44,0.36,2021
27,Rondônia,Municipal,Total,4.78,0.49,11.67,22.68,29.11,21.11,9.65,4.82,0.47,2021
30,Rondônia,Municipal,Urbana,4.82,0.44,11.04,21.79,28.58,21.38,10.68,5.54,0.56,2021
33,Rondônia,Municipal,Rural,4.66,0.64,13.76,25.63,30.84,20.23,6.27,2.45,0.19,2021
36,Rondônia,Privada,Total,5.92,0.03,0.51,3.14,9.24,16.07,24.36,36.47,10.17,2021
39,Rondônia,Privada,Urbana,6.0,0.03,0.37,1.85,7.43,15.21,25.28,38.66,11.18,2021
42,Rondônia,Privada,Rural,5.26,0.0,1.73,14.49,25.13,23.66,16.35,17.3,1.33,2021
54,Rondônia,Pública,Total,4.88,0.39,9.85,20.43,27.91,22.04,11.96,6.69,0.74,2021
57,Rondônia,Pública,Urbana,4.91,0.35,9.46,19.86,27.56,22.22,12.58,7.17,0.8,2021
60,Rondônia,Pública,Rural,4.67,0.73,13.3,25.4,30.94,20.49,6.49,2.45,0.21,2021
63,Acre,Total,Total,4.63,2.24,23.36,21.19,20.75,15.21,9.32,6.79,1.14,2021
66,Acre,Total,Urbana,4.73,1.53,19.96,20.8,21.58,16.57,10.42,7.79,1.35,2021
69,Acre,Total,Rural,4.14,5.9,40.84,23.23,16.46,8.21,3.68,1.66,0.03,2021
72,Acre,Federal,Total,5.15,0.59,8.32,14.43,15.74,29.89,15.21,14.14,1.68,2021
75,Acre,Federal,Urbana,5.15,0.59,8.32,14.43,15.74,29.89,15.21,14.14,1.68,2021
78,Acre,Federal,Rural,0.0,,,,,,,,,2021
81,Acre,Estadual,Total,4.62,1.85,22.02,22.38,22.44,15.94,9.41,5.46,0.5,2021
84,Acre,Estadual,Urbana,4.69,1.41,18.9,21.97,23.27,17.28,10.42,6.16,0.59,2021
87,Acre,Estadual,Rural,4.21,4.21,38.65,24.61,18.0,8.77,4.02,1.69,0.04,2021
90,Acre,Municipal,Total,4.32,4.22,34.41,22.33,18.3,11.62,5.47,3.36,0.29,2021
93,Acre,Municipal,Urbana,4.42,2.53,30.95,23.04,19.93,13.04,6.25,3.88,0.38,2021
96,Acre,Municipal,Rural,3.97,9.85,45.97,19.98,12.84,6.9,2.86,1.6,0.0,2021
99,Acre,Privada,Total,6.0,0.0,0.97,1.75,8.46,15.96,22.28,37.35,13.22,2021
102,Acre,Privada,Urbana,6.0,0.0,0.97,1.75,8.46,15.96,22.28,37.35,13.22,2021
105,Acre,Privada,Rural,0.0,,,,,,,,,2021
117,Acre,Pública,Total,4.56,2.36,24.6,22.27,21.43,15.17,8.61,5.11,0.47,2021
120,Acre,Pública,Urbana,4.65,1.63,21.22,22.07,22.46,16.61,9.63,5.82,0.56,2021
123,Acre,Pública,Rural,4.14,5.9,40.84,23.23,16.46,8.21,3.68,1.66,0.03,2021
126,Amazonas,Total,Total,4.57,3.87,24.53,20.8,19.71,14.23,8.89,6.78,1.17,2021
129,Amazonas,Total,Urbana,4.7,2.11,20.7,20.95,21.2,15.8,10.11,7.78,1.35,2021
132,Amazonas,Total,Rural,3.87,13.58,45.66,19.99,11.52,5.6,2.16,1.3,0.2,2021
135,Amazonas,Federal,Total,5.02,1.1,17.57,19.71,13.68,11.36,16.16,16.49,3.94,2021
138,Amazonas,Federal,Urbana,5.04,1.21,17.78,18.85,12.89,10.87,16.62,17.44,4.35,2021
141,Amazonas,Federal,Rural,4.76,0.0,15.57,27.97,21.33,16.02,11.79,7.33,0.0,2021
144,Amazonas,Estadual,Total,4.56,3.69,24.48,21.04,20.24,14.69,8.76,6.2,0.91,2021
147,Amazonas,Estadual,Urbana,4.67,2.14,21.09,21.3,21.67,16.13,9.76,6.89,1.02,2021
150,Amazonas,Estadual,Rural,3.79,14.94,48.96,19.19,9.82,4.3,1.53,1.18,0.08,2021
153,Amazonas,Municipal,Total,4.38,4.82,28.55,23.24,20.49,12.7,6.34,3.37,0.49,2021
156,Amazonas,Municipal,Urbana,4.52,2.49,24.12,24.01,22.77,14.55,7.48,4.02,0.55,2021
159,Amazonas,Municipal,Rural,3.92,12.65,43.41,20.66,12.84,6.47,2.5,1.2,0.27,2021
162,Amazonas,Privada,Total,5.83,0.1,0.68,2.92,10.43,19.82,25.34,32.87,7.84,2021
165,Amazonas,Privada,Urbana,5.83,0.11,0.66,2.9,10.4,19.77,25.4,32.93,7.85,2021
168,Amazonas,Privada,Rural,5.6,0.0,3.11,5.87,14.18,26.0,18.02,25.73,7.09,2021
180,Amazonas,Pública,Total,4.5,4.09,25.95,21.86,20.26,13.9,7.92,5.23,0.78,2021
183,Amazonas,Pública,Urbana,4.62,2.25,22.11,22.22,21.96,15.52,9.04,6.01,0.89,2021
186,Amazonas,Pública,Rural,3.87,13.62,45.78,20.03,11.51,5.54,2.11,1.23,0.18,2021
189,Roraima,Total,Total,4.78,3.1,17.68,18.6,20.83,17.27,10.89,9.9,1.72,2021
192,Roraima,Total,Urbana,4.97,0.94,12.65,18.04,22.25,19.3,12.77,12.0,2.05,2021
195,Roraima,Total,Rural,4.02,12.03,38.48,20.89,14.94,8.9,3.14,1.21,0.39,2021
198,Roraima,Federal,Total,5.21,0.0,0.0,15.87,23.36,29.93,15.87,7.48,7.48,2021
201,Roraima,Federal,Urbana,0.0,,,,,,,,,2021
204,Roraima,Federal,Rural,5.21,0.0,0.0,15.87,23.36,29.93,15.87,7.48,7.48,2021
207,Roraima,Estadual,Total,4.74,3.51,18.23,18.72,20.71,17.52,10.99,8.98,1.34,2021
210,Roraima,Estadual,Urbana,4.96,0.89,12.06,18.15,22.59,20.08,13.31,11.28,1.65,2021
213,Roraima,Estadual,Rural,3.95,13.06,40.67,20.78,13.87,8.23,2.57,0.62,0.21,2021
216,Roraima,Municipal,Total,4.62,2.98,20.68,21.62,23.1,16.54,8.55,5.96,0.57,2021
219,Roraima,Municipal,Urbana,4.74,1.28,17.04,21.57,24.49,18.37,9.73,6.82,0.7,2021
222,Roraima,Municipal,Rural,4.06,10.86,37.55,21.81,16.68,8.08,3.05,1.98,0.0,2021
225,Roraima,Privada,Total,5.86,0.15,1.14,4.6,11.75,16.96,19.8,35.84,9.75,2021
228,Roraima,Privada,Urbana,5.86,0.15,1.14,4.6,11.75,16.96,19.8,35.84,9.75,2021
231,Roraima,Privada,Rural,0.0,,,,,,,,,2021
243,Roraima,Pública,Total,4.7,3.32,18.89,19.62,21.49,17.29,10.24,8.0,1.14,2021
246,Roraima,Pública,Urbana,4.89,1.02,13.71,19.29,23.22,19.51,12.12,9.8,1.33,2021
249,Roraima,Pública,Rural,4.02,12.03,38.48,20.89,14.94,8.9,3.14,1.21,0.39,2021
252,Pará,Total,Total,4.39,5.09,28.48,23.33,19.94,12.61,6.22,3.84,0.49,2021
255,Pará,Total,Urbana,4.52,3.02,24.37,23.86,21.74,14.43,7.33,4.65,0.6,2021
258,Pará,Total,Rural,3.92,12.48,43.19,21.45,13.49,6.1,2.23,0.96,0.1,2021
261,Pará,Federal,Total,4.89,1.05,13.38,18.6,25.56,18.11,11.59,10.27,1.44,2021
264,Pará,Federal,Urbana,4.91,0.87,13.15,18.3,25.09,18.51,11.87,10.72,1.5,2021
267,Pará,Federal,Rural,4.39,5.24,18.64,25.43,36.51,8.93,5.24,0.0,0.0,2021
270,Pará,Estadual,Total,4.3,4.64,30.86,25.36,20.43,11.66,4.69,2.16,0.21,2021
273,Pará,Estadual,Urbana,4.34,4.13,29.46,25.47,21.13,12.3,4.97,2.31,0.23,2021
276,Pará,Estadual,Rural,4.02,8.55,41.7,24.54,14.97,6.7,2.47,1.01,0.07,2021
279,Pará,Municipal,Total,4.27,6.28,31.23,24.19,19.83,11.3,4.8,2.14,0.21,2021
282,Pará,Municipal,Urbana,4.45,2.68,25.02,25.97,23.21,13.99,6.12,2.74,0.27,2021
285,Pará,Municipal,Rural,3.89,13.54,43.74,20.62,13.03,5.89,2.16,0.94,0.1,2021
288,Pará,Privada,Total,5.43,0.17,2.53,9.51,18.04,24.29,21.08,21.08,3.3,2021
291,Pará,Privada,Urbana,5.44,0.17,2.49,9.34,17.97,24.32,21.19,21.21,3.3,2021
294,Pará,Privada,Rural,4.73,0.64,7.44,32.43,27.25,19.9,6.04,4.11,2.19,2021
306,Pará,Pública,Total,4.29,5.55,30.95,24.64,20.12,11.5,4.8,2.21,0.22,2021
309,Pará,Pública,Urbana,4.4,3.37,27.08,25.66,22.21,13.21,5.61,2.6,0.26,2021
312,Pará,Pública,Rural,3.92,12.52,43.29,21.41,13.45,6.06,2.22,0.95,0.09,2021
315,Amapá,Total,Total,4.76,1.43,17.6,21.98,22.71,16.25,10.3,8.33,1.39,2021
318,Amapá,Total,Urbana,4.87,0.81,14.02,21.48,23.49,17.36,11.61,9.63,1.6,2021
321,Amapá,Total,Rural,4.23,4.62,35.96,24.58,18.7,10.56,3.57,1.67,0.33,2021
324,Amapá,Federal,Total,0.0,,,,,,,,,2021
327,Amapá,Federal,Urbana,0.0,,,,,,,,,2021
330,Amapá,Federal,Rural,0.0,,,,,,,,,2021
333,Amapá,Estadual,Total,4.69,1.57,17.93,22.98,24.16,16.6,9.73,6.36,0.66,2021
336,Amapá,Estadual,Urbana,4.81,0.7,13.76,22.6,25.49,17.99,11.21,7.52,0.73,2021
339,Amapá,Estadual,Rural,4.23,5.12,35.06,24.51,18.73,10.9,3.67,1.61,0.4,2021
342,Amapá,Municipal,Total,4.58,1.56,22.0,25.11,23.39,15.4,7.55,4.44,0.56,2021
345,Amapá,Municipal,Urbana,4.63,1.33,19.61,25.21,23.98,16.24,8.19,4.81,0.63,2021
348,Amapá,Municipal,Rural,4.25,3.04,37.69,24.4,19.53,9.86,3.38,2.0,0.09,2021
351,Amapá,Privada,Total,5.81,0.1,2.21,5.5,10.1,16.23,22.55,34.14,9.17,2021
354,Amapá,Privada,Urbana,5.85,0.11,0.91,4.94,10.3,16.56,23.0,34.83,9.35,2021
357,Amapá,Privada,Rural,3.8,0.0,66.67,33.33,0.0,0.0,0.0,0.0,0.0,2021
369,Amapá,Pública,Total,4.66,1.56,19.11,23.6,23.94,16.25,9.1,5.8,0.63,2021
372,Amapá,Pública,Urbana,4.75,0.89,15.55,23.4,25.03,17.46,10.28,6.69,0.7,2021
375,Amapá,Pública,Rural,4.23,4.67,35.63,24.49,18.9,10.68,3.61,1.69,0.33,2021
378,Tocantins,Total,Total,4.82,1.45,15.47,19.75,23.34,19.03,11.35,7.96,1.67,2021
381,Tocantins,Total,Urbana,4.85,1.3,14.68,19.22,23.34,19.46,11.83,8.39,1.79,2021
384,Tocantins,Total,Rural,4.42,3.22,25.18,26.3,23.25,13.7,5.43,2.68,0.23,2021
387,Tocantins,Federal,Total,5.0,0.0,9.33,19.1,21.46,25.41,14.91,9.78,0.0,2021
390,Tocantins,Federal,Urbana,5.15,0.0,5.2,14.11,23.15,29.56,17.06,10.92,0.0,2021
393,Tocantins,Federal,Rural,4.74,0.0,16.69,27.99,18.46,18.03,11.08,7.75,0.0,2021
396,Tocantins,Estadual,Total,4.76,1.42,15.88,20.11,24.52,20.25,10.9,6.14,0.79,2021
399,Tocantins,Estadual,Urbana,4.78,1.32,15.46,19.8,24.49,20.56,11.21,6.35,0.81,2021
402,Tocantins,Estadual,Rural,4.45,3.21,23.36,25.65,24.97,14.71,5.5,2.32,0.3,2021
405,Tocantins,Municipal,Total,4.67,1.77,17.7,22.55,24.79,18.02,9.72,4.91,0.55,2021
408,Tocantins,Municipal,Urbana,4.71,1.55,16.47,22.01,25.11,18.73,10.33,5.2,0.59,2021
411,Tocantins,Municipal,Rural,4.37,3.49,27.32,26.84,22.22,12.42,4.93,2.57,0.21,2021
414,Tocantins,Privada,Total,6.06,0.06,0.84,1.96,6.64,14.45,23.21,38.21,14.63,2021
417,Tocantins,Privada,Urbana,6.07,0.06,0.77,1.74,6.31,14.23,23.37,38.68,14.84,2021
420,Tocantins,Privada,Rural,4.98,0.0,5.88,17.65,29.41,29.41,11.76,5.88,0.0,2021
432,Tocantins,Pública,Total,4.73,1.55,16.58,21.1,24.61,19.37,10.45,5.66,0.68,2021
435,Tocantins,Pública,Urbana,4.76,1.4,15.81,20.64,24.73,19.88,10.89,5.92,0.72,2021
438,Tocantins,Pública,Rural,4.41,3.27,25.44,26.41,23.17,13.49,5.35,2.63,0.23,2021
441,Maranhão,Total,Total,4.34,5.22,30.46,23.72,19.51,11.88,5.77,3.03,0.41,2021
444,Maranhão,Total,Urbana,4.44,3.79,26.88,23.9,20.93,13.51,6.83,3.68,0.49,2021
447,Maranhão,Total,Rural,4.01,9.53,41.31,23.18,15.22,6.96,2.56,1.06,0.17,2021
450,Maranhão,Federal,Total,4.68,1.27,19.43,21.61,24.14,17.2,9.8,6.29,0.26,2021
453,Maranhão,Federal,Urbana,4.72,1.04,18.26,21.2,23.65,17.37,11.29,6.86,0.33,2021
456,Maranhão,Federal,Rural,4.51,2.1,23.78,23.12,25.97,16.59,4.27,4.17,0.0,2021
459,Maranhão,Estadual,Total,4.21,6.29,35.11,23.81,18.01,10.17,4.4,2.0,0.21,2021
462,Maranhão,Estadual,Urbana,4.26,5.72,33.15,24.06,18.86,10.97,4.81,2.21,0.24,2021
465,Maranhão,Estadual,Rural,3.94,9.51,46.2,22.43,13.23,5.65,2.11,0.81,0.06,2021
468,Maranhão,Municipal,Total,4.25,5.51,32.18,25.66,19.92,10.62,4.22,1.68,0.21,2021
471,Maranhão,Municipal,Urbana,4.37,3.51,27.96,26.67,22.08,12.43,5.09,2.04,0.22,2021
474,Maranhão,Municipal,Rural,4.01,9.76,41.11,23.53,15.33,6.8,2.36,0.94,0.18,2021
477,Maranhão,Privada,Total,5.29,0.24,5.01,10.03,20.78,25.5,20.52,15.39,2.53,2021
480,Maranhão,Privada,Urbana,5.31,0.05,4.5,9.76,20.68,25.74,20.83,15.82,2.61,2021
483,Maranhão,Privada,Rural,4.82,3.71,14.34,14.93,22.66,21.09,14.87,7.43,0.97,2021
495,Maranhão,Pública,Total,4.24,5.7,32.92,25.04,19.39,10.57,4.34,1.84,0.21,2021
498,Maranhão,Pública,Urbana,4.33,4.26,29.67,25.67,20.96,11.98,5.07,2.16,0.23,2021
501,Maranhão,Pública,Rural,4.0,9.64,41.82,23.34,15.08,6.7,2.34,0.95,0.16,2021
504,Piauí,Total,Total,4.44,4.38,28.27,22.53,19.74,13.14,6.74,4.28,0.92,2021
507,Piauí,Total,Urbana,4.52,3.51,25.42,22.21,20.61,14.42,7.71,5.02,1.1,2021
510,Piauí,Total,Rural,4.02,8.55,41.92,24.06,15.58,6.99,2.11,0.72,0.07,2021
513,Piauí,Federal,Total,4.65,0.76,20.11,23.85,21.4,20.12,9.19,4.31,0.27,2021
516,Piauí,Federal,Urbana,4.67,0.75,19.42,23.55,21.45,20.38,9.55,4.59,0.3,2021
519,Piauí,Federal,Rural,4.42,0.82,26.74,26.67,20.86,17.64,5.66,1.61,0.0,2021
522,Piauí,Estadual,Total,4.25,5.53,33.38,23.66,19.28,11.35,4.73,1.95,0.12,2021
525,Piauí,Estadual,Urbana,4.27,5.21,32.59,23.84,19.66,11.64,4.91,2.01,0.13,2021
528,Piauí,Estadual,Rural,3.92,11.07,46.92,20.5,12.73,6.25,1.5,0.93,0.1,2021
531,Piauí,Municipal,Total,4.29,4.79,31.37,25.26,20.57,11.5,4.61,1.75,0.16,2021
534,Piauí,Municipal,Urbana,4.39,3.39,27.38,25.6,22.41,13.27,5.58,2.17,0.2,2021
537,Piauí,Municipal,Rural,4.03,8.36,41.53,24.41,15.86,6.96,2.13,0.69,0.07,2021
540,Piauí,Privada,Total,5.54,0.12,2.61,7.41,17.05,24.04,20.99,21.39,6.39,2021
543,Piauí,Privada,Urbana,5.54,0.12,2.53,7.33,17.06,24.08,21.02,21.44,6.41,2021
546,Piauí,Privada,Rural,4.48,0.0,28.34,35.4,13.45,11.49,9.02,2.3,0.0,2021
558,Piauí,Pública,Total,4.28,4.98,31.89,24.66,20.12,11.6,4.73,1.87,0.15,2021
561,Piauí,Pública,Urbana,4.35,4.11,29.43,24.81,21.23,12.73,5.38,2.15,0.17,2021
564,Piauí,Pública,Rural,4.02,8.57,41.95,24.03,15.59,6.98,2.1,0.72,0.07,2021
567,Ceará,Total,Total,4.53,3.32,24.2,23.54,21.26,14.18,7.41,5.17,0.93,2021
570,Ceará,Total,Urbana,4.59,2.95,22.45,23.07,21.68,14.96,8.03,5.8,1.06,2021
573,Ceará,Total,Rural,4.21,5.48,34.56,26.29,18.75,9.6,3.76,1.44,0.13,2021
576,Ceará,Federal,Total,5.03,1.33,13.72,17.18,21.09,17.03,9.94,16.23,3.48,2021
579,Ceará,Federal,Urbana,5.07,1.13,12.27,17.53,20.8,16.77,10.47,17.3,3.74,2021
582,Ceará,Federal,Rural,4.38,4.08,33.63,12.34,25.16,20.61,2.67,1.52,0.0,2021
585,Ceará,Estadual,Total,4.32,4.86,30.89,24.23,19.9,12.04,5.57,2.37,0.15,2021
588,Ceará,Estadual,Urbana,4.34,4.69,30.21,24.25,20.17,12.34,5.73,2.45,0.15,2021
591,Ceará,Estadual,Rural,4.06,7.59,41.31,23.95,15.64,7.29,3.0,1.15,0.06,2021
594,Ceará,Municipal,Total,4.41,3.33,25.99,26.24,22.92,13.38,5.61,2.3,0.23,2021
597,Ceará,Municipal,Urbana,4.47,2.78,23.76,26.12,24.02,14.4,6.12,2.54,0.26,2021
600,Ceará,Municipal,Rural,4.23,5.19,33.61,26.67,19.17,9.89,3.86,1.47,0.15,2021
603,Ceará,Privada,Total,5.47,0.0,2.79,11.29,17.46,21.96,18.66,22.5,5.35,2021
606,Ceará,Privada,Urbana,5.47,0.0,2.78,11.28,17.45,21.97,18.66,22.51,5.35,2021
609,Ceará,Privada,Rural,4.97,0.0,11.32,19.14,24.69,17.08,12.96,14.81,0.0,2021
621,Ceará,Pública,Total,4.38,3.85,27.62,25.49,21.86,12.94,5.62,2.4,0.22,2021
624,Ceará,Pública,Urbana,4.42,3.52,26.22,25.33,22.49,13.61,5.99,2.59,0.24,2021
627,Ceará,Pública,Rural,4.21,5.49,34.58,26.29,18.74,9.59,3.75,1.43,0.13,2021
630,Rio Grande do Norte,Total,Total,4.74,1.6,17.24,21.55,23.42,17.69,10.75,6.68,1.08,2021
633,Rio Grande do Norte,Total,Urbana,4.78,1.45,16.19,20.95,23.39,18.19,11.38,7.27,1.18,2021
636,Rio Grande do Norte,Total,Rural,4.42,2.8,25.81,26.42,23.7,13.59,5.6,1.81,0.27,2021
639,Rio Grande do Norte,Federal,Total,4.94,0.42,13.6,19.13,21.57,18.78,14.07,11.33,1.11,2021
642,Rio Grande do Norte,Federal,Urbana,4.95,0.45,13.7,18.0,21.9,18.99,13.92,11.83,1.2,2021
645,Rio Grande do Norte,Federal,Rural,4.76,0.0,12.37,32.65,17.51,16.35,15.78,5.34,0.0,2021
648,Rio Grande do Norte,Estadual,Total,4.57,2.12,20.65,24.48,24.62,16.62,8.02,3.24,0.24,2021
651,Rio Grande do Norte,Estadual,Urbana,4.57,2.11,20.42,24.44,24.66,16.71,8.11,3.31,0.25,2021
654,Rio Grande do Norte,Estadual,Rural,4.44,2.53,25.63,25.47,23.62,14.68,6.21,1.76,0.09,2021
657,Rio Grande do Norte,Municipal,Total,4.54,1.88,20.88,25.31,26.02,16.07,6.78,2.73,0.32,2021
660,Rio Grande do Norte,Municipal,Urbana,4.58,1.58,19.3,24.96,26.65,16.86,7.29,3.03,0.33,2021
663,Rio Grande do Norte,Municipal,Rural,4.39,2.98,26.56,26.56,23.75,13.26,4.94,1.65,0.3,2021
666,Rio Grande do Norte,Privada,Total,5.57,0.03,1.71,6.54,14.95,23.69,25.57,22.73,4.79,2021
669,Rio Grande do Norte,Privada,Urbana,5.57,0.03,1.69,6.52,14.8,23.73,25.6,22.83,4.8,2021
672,Rio Grande do Norte,Privada,Rural,5.05,0.0,4.89,10.34,40.31,16.03,21.25,5.58,1.6,2021
684,Rio Grande do Norte,Pública,Total,4.57,1.92,20.41,24.62,25.15,16.46,7.72,3.4,0.32,2021
687,Rio Grande do Norte,Pública,Urbana,4.6,1.79,19.57,24.32,25.39,16.9,8.06,3.65,0.33,2021
690,Rio Grande do Norte,Pública,Rural,4.41,2.82,26.0,26.57,23.55,13.57,5.46,1.77,0.26,2021
693,Paraíba,Total,Total,4.65,2.53,20.61,21.63,22.31,16.07,9.7,6.25,0.89,2021
696,Paraíba,Total,Urbana,4.69,2.29,19.36,21.13,22.52,16.63,10.33,6.77,0.98,2021
699,Paraíba,Total,Rural,4.25,4.82,32.26,26.27,20.39,10.85,3.86,1.4,0.14,2021
702,Paraíba,Federal,Total,4.73,1.4,17.12,20.14,26.24,17.78,9.66,7.37,0.3,2021
705,Paraíba,Federal,Urbana,4.73,1.4,17.12,20.14,26.24,17.78,9.66,7.37,0.3,2021
708,Paraíba,Federal,Rural,0.0,,,,,,,,,2021
711,Paraíba,Estadual,Total,4.44,3.45,25.76,23.75,23.4,14.24,6.51,2.68,0.21,2021
714,Paraíba,Estadual,Urbana,4.45,3.41,25.34,23.65,23.61,14.38,6.63,2.77,0.22,2021
717,Paraíba,Estadual,Rural,4.29,4.18,32.07,25.23,20.18,12.06,4.82,1.28,0.17,2021
720,Paraíba,Municipal,Total,4.47,2.77,23.49,25.67,24.2,14.84,6.33,2.48,0.22,2021
723,Paraíba,Municipal,Urbana,4.52,2.34,21.78,25.49,24.92,15.67,6.86,2.69,0.24,2021
726,Paraíba,Municipal,Rural,4.24,5.03,32.43,26.63,20.43,10.45,3.55,1.35,0.13,2021
729,Paraíba,Privada,Total,5.57,0.05,2.12,6.03,14.32,23.19,25.82,24.21,4.26,2021
732,Paraíba,Privada,Urbana,5.57,0.05,2.11,6.01,14.3,23.2,25.85,24.21,4.27,2021
735,Paraíba,Privada,Rural,5.15,0.0,6.44,15.41,24.24,21.42,10.78,21.71,0.0,2021
747,Paraíba,Pública,Total,4.46,3.03,24.31,24.75,23.91,14.65,6.48,2.66,0.22,2021
750,Paraíba,Pública,Urbana,4.49,2.79,23.26,24.54,24.37,15.15,6.82,2.84,0.23,2021
753,Paraíba,Pública,Rural,4.25,4.84,32.35,26.31,20.38,10.81,3.84,1.33,0.14,2021
756,Pernambuco,Total,Total,4.67,2.24,18.54,22.49,23.56,16.71,9.36,6.38,0.73,2021
759,Pernambuco,Total,Urbana,4.73,1.94,16.97,21.93,23.88,17.35,10.06,7.06,0.8,2021
762,Pernambuco,Total,Rural,4.32,4.37,29.39,26.35,21.33,12.28,4.44,1.64,0.2,2021
765,Pernambuco,Federal,Total,5.42,0.16,7.31,14.8,11.56,15.09,19.6,26.54,4.94,2021
768,Pernambuco,Federal,Urbana,5.57,0.0,5.0,13.35,9.26,13.71,21.15,31.59,5.93,2021
771,Pernambuco,Federal,Rural,4.71,0.92,17.97,21.51,22.18,21.47,12.41,3.2,0.35,2021
774,Pernambuco,Estadual,Total,4.52,2.75,22.4,24.18,24.11,15.59,7.33,3.36,0.26,2021
777,Pernambuco,Estadual,Urbana,4.53,2.64,21.83,24.14,24.41,15.79,7.49,3.43,0.27,2021
780,Pernambuco,Estadual,Rural,4.34,4.36,30.23,24.78,20.03,12.82,5.26,2.39,0.13,2021
783,Pernambuco,Municipal,Total,4.47,2.74,22.42,26.88,25.42,14.48,5.67,2.16,0.22,2021
786,Pernambuco,Municipal,Urbana,4.51,2.28,20.49,26.85,26.51,15.22,6.06,2.36,0.22,2021
789,Pernambuco,Municipal,Rural,4.3,4.5,29.73,26.99,21.26,11.68,4.21,1.41,0.21,2021
792,Pernambuco,Privada,Total,5.49,0.04,1.36,7.82,18.03,24.87,22.6,22.5,2.78,2021
795,Pernambuco,Privada,Urbana,5.49,0.04,1.28,7.75,17.79,24.81,22.83,22.7,2.81,2021
798,Pernambuco,Privada,Rural,4.83,0.0,9.28,15.01,39.98,30.74,1.42,3.56,0.0,2021
810,Pernambuco,Pública,Total,4.5,2.72,22.28,25.68,24.76,14.94,6.47,2.87,0.28,2021
813,Pernambuco,Pública,Urbana,4.53,2.42,20.96,25.52,25.43,15.46,6.83,3.09,0.3,2021
816,Pernambuco,Pública,Rural,4.31,4.43,29.7,26.53,21.04,11.99,4.49,1.61,0.2,2021
819,Alagoas,Total,Total,4.55,3.29,23.22,23.04,21.7,14.65,8.19,5.14,0.77,2021
822,Alagoas,Total,Urbana,4.62,2.69,20.95,22.61,22.33,15.63,9.03,5.85,0.9,2021
825,Alagoas,Total,Rural,4.2,6.27,34.43,25.12,18.55,9.78,4.05,1.63,0.16,2021
828,Alagoas,Federal,Total,4.67,0.17,24.6,20.74,21.99,12.58,13.43,6.48,0.0,2021
831,Alagoas,Federal,Urbana,4.67,0.17,24.6,20.74,21.99,12.58,13.43,6.48,0.0,2021
834,Alagoas,Federal,Rural,0.0,,,,,,,,,2021
837,Alagoas,Estadual,Total,4.39,3.96,27.1,25.29,22.18,13.06,5.71,2.42,0.29,2021
840,Alagoas,Estadual,Urbana,4.4,3.82,26.68,25.37,22.44,13.21,5.71,2.47,0.3,2021
843,Alagoas,Estadual,Rural,4.24,6.08,33.63,24.06,18.18,10.75,5.62,1.64,0.04,2021
846,Alagoas,Municipal,Total,4.38,3.91,26.92,26.13,22.58,12.79,5.22,2.22,0.23,2021
849,Alagoas,Municipal,Urbana,4.45,2.97,23.91,26.43,24.13,14.03,5.8,2.48,0.25,2021
852,Alagoas,Municipal,Rural,4.19,6.32,34.67,25.35,18.58,9.62,3.73,1.54,0.18,2021
855,Alagoas,Privada,Total,5.48,0.02,2.17,7.76,17.58,24.59,23.27,20.86,3.74,2021
858,Alagoas,Privada,Urbana,5.48,0.02,2.17,7.78,17.56,24.61,23.23,20.86,3.76,2021
861,Alagoas,Privada,Rural,5.43,0.0,2.86,4.08,22.44,18.78,31.04,20.8,0.0,2021
873,Alagoas,Pública,Total,4.39,3.87,26.95,25.75,22.43,12.88,5.52,2.35,0.25,2021
876,Alagoas,Pública,Urbana,4.43,3.27,25.08,25.88,23.38,13.66,5.91,2.55,0.27,2021
879,Alagoas,Pública,Rural,4.19,6.3,34.56,25.2,18.53,9.75,3.94,1.55,0.16,2021
882,Sergipe,Total,Total,4.59,3.38,21.78,21.34,21.11,17.04,9.35,5.45,0.55,2021
885,Sergipe,Total,Urbana,4.68,2.77,18.93,20.6,21.68,18.54,10.56,6.26,0.65,2021
888,Sergipe,Total,Rural,4.16,6.48,36.27,25.05,18.18,9.39,3.2,1.35,0.07,2021
891,Sergipe,Federal,Total,4.88,0.71,12.15,18.52,25.45,21.57,12.66,7.51,1.41,2021
894,Sergipe,Federal,Urbana,5.01,0.69,8.35,17.19,24.86,23.12,14.73,9.06,1.99,2021
897,Sergipe,Federal,Rural,4.55,0.77,21.55,21.8,26.9,17.74,7.55,3.69,0.0,2021
900,Sergipe,Estadual,Total,4.43,4.32,25.06,23.73,22.66,14.73,6.67,2.66,0.17,2021
903,Sergipe,Estadual,Urbana,4.45,4.04,24.5,23.7,22.99,15.05,6.81,2.73,0.17,2021
906,Sergipe,Estadual,Rural,4.07,10.08,36.92,24.4,15.7,7.95,3.69,1.19,0.07,2021
909,Sergipe,Municipal,Total,4.35,4.13,28.15,25.87,22.14,12.81,4.92,1.83,0.15,2021
912,Sergipe,Municipal,Urbana,4.46,2.98,23.32,26.14,24.22,14.85,6.07,2.22,0.2,2021
915,Sergipe,Municipal,Rural,4.15,6.17,36.77,25.38,18.42,9.17,2.89,1.13,0.07,2021
918,Sergipe,Privada,Total,5.43,0.03,2.31,7.23,15.7,30.29,23.81,18.5,2.14,2021
921,Sergipe,Privada,Urbana,5.43,0.03,2.3,7.22,15.69,30.25,23.85,18.51,2.16,2021
924,Sergipe,Privada,Rural,5.34,0.0,3.16,8.55,16.67,34.23,19.37,18.02,0.0,2021
936,Sergipe,Pública,Total,4.39,4.2,26.51,24.76,22.42,13.82,5.84,2.28,0.17,2021
939,Sergipe,Pública,Urbana,4.46,3.6,23.94,24.64,23.49,15.01,6.56,2.56,0.19,2021
942,Sergipe,Pública,Rural,4.14,6.56,36.65,25.24,18.2,9.11,3.02,1.16,0.07,2021
945,Bahia,Total,Total,4.62,2.47,20.01,22.98,23.43,16.33,8.74,5.31,0.73,2021
948,Bahia,Total,Urbana,4.68,2.22,18.17,22.26,23.65,17.19,9.61,6.05,0.84,2021
951,Bahia,Total,Rural,4.34,3.67,29.05,26.54,22.33,12.11,4.47,1.67,0.17,2021
954,Bahia,Federal,Total,6.21,0.09,0.37,0.84,2.9,9.15,21.08,54.64,10.92,2021
957,Bahia,Federal,Urbana,6.21,0.09,0.37,0.84,2.9,9.15,21.08,54.64,10.92,2021
960,Bahia,Federal,Rural,0.0,,,,,,,,,2021
963,Bahia,Estadual,Total,4.44,3.68,25.04,24.57,22.81,14.4,6.47,2.77,0.26,2021
966,Bahia,Estadual,Urbana,4.46,3.57,24.31,24.54,23.06,14.71,6.68,2.85,0.27,2021
969,Bahia,Estadual,Rural,4.21,5.22,35.49,24.93,19.1,9.96,3.56,1.64,0.1,2021
972,Bahia,Municipal,Total,4.54,2.16,20.89,25.46,25.5,16.03,6.86,2.81,0.29,2021
975,Bahia,Municipal,Urbana,4.61,1.64,18.0,24.9,26.6,17.49,7.79,3.25,0.33,2021
978,Bahia,Municipal,Rural,4.35,3.49,28.24,26.88,22.69,12.32,4.51,1.69,0.18,2021
981,Bahia,Privada,Total,5.49,0.1,1.73,8.69,17.31,23.38,22.85,22.18,3.76,2021
984,Bahia,Privada,Urbana,5.52,0.09,1.27,8.22,16.94,23.54,23.26,22.82,3.87,2021
987,Bahia,Privada,Rural,4.62,0.34,17.32,24.5,29.8,18.04,9.06,0.95,0.0,2021
999,Bahia,Pública,Total,4.5,2.81,22.62,25.03,24.3,15.32,6.72,2.89,0.3,2021
1002,Bahia,Pública,Urbana,4.54,2.59,21.07,24.67,24.8,16.1,7.27,3.17,0.33,2021
1005,Bahia,Pública,Rural,4.33,3.74,29.31,26.59,22.16,11.97,4.37,1.69,0.17,2021
1008,Minas Gerais,Total,Total,5.21,0.72,7.59,12.65,20.13,22.37,17.97,15.65,2.92,2021
1011,Minas Gerais,Total,Urbana,5.23,0.66,7.09,12.31,20.01,22.55,18.28,16.08,3.02,2021
1014,Minas Gerais,Total,Rural,4.64,2.36,20.25,21.12,23.04,17.74,10.11,4.9,0.47,2021
1017,Minas Gerais,Federal,Total,5.81,0.04,1.62,2.87,8.73,19.99,27.27,33.32,6.15,2021
1020,Minas Gerais,Federal,Urbana,5.87,0.05,1.76,2.18,7.66,18.37,27.07,36.21,6.71,2021
1023,Minas Gerais,Federal,Rural,5.49,0.0,0.86,6.8,14.81,29.19,28.37,16.96,3.02,2021
1026,Minas Gerais,Estadual,Total,5.05,0.94,9.33,14.31,22.1,23.55,17.22,11.46,1.09,2021
1029,Minas Gerais,Estadual,Urbana,5.07,0.87,8.85,14.07,22.13,23.81,17.48,11.68,1.11,2021
1032,Minas Gerais,Estadual,Rural,4.37,3.67,29.46,24.51,20.8,12.73,6.02,2.5,0.31,2021
1035,Minas Gerais,Municipal,Total,5.09,0.58,7.28,14.03,23.24,24.96,17.78,11.1,1.03,2021
1038,Minas Gerais,Municipal,Urbana,5.12,0.48,6.56,13.55,23.14,25.35,18.29,11.55,1.08,2021
1041,Minas Gerais,Municipal,Rural,4.74,1.8,16.04,19.89,24.51,20.2,11.57,5.56,0.45,2021
1044,Minas Gerais,Privada,Total,6.25,0.08,0.15,1.37,2.88,9.82,21.57,47.33,16.8,2021
1047,Minas Gerais,Privada,Urbana,6.26,0.08,0.03,1.22,2.67,9.78,21.66,47.62,16.93,2021
1050,Minas Gerais,Privada,Rural,4.76,0.35,15.31,20.6,29.77,15.04,10.34,8.59,0.0,2021
1062,Minas Gerais,Pública,Total,5.07,0.81,8.56,14.12,22.38,24.0,17.5,11.53,1.11,2021
1065,Minas Gerais,Pública,Urbana,5.09,0.74,8.04,13.81,22.35,24.28,17.82,11.82,1.14,2021
1068,Minas Gerais,Pública,Rural,4.63,2.41,20.37,21.14,22.89,17.8,10.1,4.82,0.48,2021
1071,Espírito Santo,Total,Total,5.14,0.63,7.79,14.11,21.78,22.55,17.12,13.88,2.15,2021
1074,Espírito Santo,Total,Urbana,5.16,0.6,7.5,13.84,21.59,22.61,17.35,14.26,2.26,2021
1077,Espírito Santo,Total,Rural,4.88,1.09,12.14,18.23,24.78,21.75,13.58,7.96,0.47,2021
1080,Espírito Santo,Federal,Total,5.64,0.28,1.53,5.44,12.0,23.94,23.77,28.47,4.57,2021
1083,Espírito Santo,Federal,Urbana,5.7,0.0,1.43,5.05,10.55,24.69,23.36,29.56,5.37,2021
1086,Espírito Santo,Federal,Rural,5.47,1.19,1.88,6.71,16.77,21.44,25.13,24.91,1.97,2021
1089,Espírito Santo,Estadual,Total,5.01,0.8,9.09,15.67,23.49,23.65,16.54,9.97,0.79,2021
1092,Espírito Santo,Estadual,Urbana,5.02,0.77,9.01,15.63,23.47,23.65,16.61,10.04,0.8,2021
1095,Espírito Santo,Estadual,Rural,4.92,1.41,11.06,16.49,24.04,23.52,14.96,8.06,0.47,2021
1098,Espírito Santo,Municipal,Total,5.0,0.64,8.78,16.21,24.98,23.9,15.52,9.14,0.83,2021
1101,Espírito Santo,Municipal,Urbana,5.01,0.61,8.35,15.88,24.93,24.17,15.83,9.36,0.87,2021
1104,Espírito Santo,Municipal,Rural,4.83,0.98,13.14,19.55,25.53,21.14,12.39,6.9,0.37,2021
1107,Espírito Santo,Privada,Total,6.1,0.05,0.12,1.36,4.22,13.42,24.82,44.36,11.64,2021
1110,Espírito Santo,Privada,Urbana,6.1,0.05,0.12,1.36,4.22,13.42,24.82,44.36,11.64,2021
1113,Espírito Santo,Privada,Rural,0.0,,,,,,,,,2021
1125,Espírito Santo,Pública,Total,5.01,0.71,8.83,15.84,24.16,23.79,16.07,9.75,0.86,2021
1128,Espírito Santo,Pública,Urbana,5.02,0.68,8.58,15.66,24.12,23.94,16.26,9.88,0.89,2021
1131,Espírito Santo,Pública,Rural,4.88,1.09,12.14,18.23,24.78,21.75,13.58,7.96,0.47,2021
1134,Rio de Janeiro,Total,Total,5.13,0.7,7.73,14.56,21.92,22.71,17.13,13.31,1.94,2021
1137,Rio de Janeiro,Total,Urbana,5.14,0.69,7.58,14.43,21.78,22.72,17.31,13.5,1.99,2021
1140,Rio de Janeiro,Total,Rural,4.93,0.83,11.04,17.47,24.94,22.42,13.34,8.98,0.97,2021
1143,Rio de Janeiro,Federal,Total,5.82,0.0,0.73,2.19,14.34,16.7,23.37,35.72,6.94,2021
1146,Rio de Janeiro,Federal,Urbana,5.83,0.0,0.68,1.98,14.36,16.55,23.38,36.02,7.03,2021
1149,Rio de Janeiro,Federal,Rural,5.18,0.0,4.61,19.13,13.07,28.65,22.58,11.96,0.0,2021
1152,Rio de Janeiro,Estadual,Total,4.93,0.94,10.28,17.12,25.32,23.39,14.03,8.22,0.7,2021
1155,Rio de Janeiro,Estadual,Urbana,4.93,0.93,10.21,17.08,25.37,23.42,14.07,8.22,0.7,2021
1158,Rio de Janeiro,Estadual,Rural,4.88,1.34,11.85,18.18,24.13,22.65,12.98,8.12,0.74,2021
1161,Rio de Janeiro,Municipal,Total,4.9,0.82,10.05,18.72,26.87,22.81,13.03,7.0,0.7,2021
1164,Rio de Janeiro,Municipal,Urbana,4.9,0.83,9.95,18.75,26.89,22.77,13.08,7.02,0.72,2021
1167,Rio de Janeiro,Municipal,Rural,4.87,0.7,11.46,18.27,26.59,23.37,12.39,6.69,0.53,2021
1170,Rio de Janeiro,Privada,Total,5.71,0.26,1.26,5.16,9.95,22.06,27.36,28.74,5.21,2021
1173,Rio de Janeiro,Privada,Urbana,5.7,0.26,1.26,5.19,9.99,22.19,27.35,28.59,5.18,2021
1176,Rio de Janeiro,Privada,Rural,6.1,0.0,0.9,1.53,5.96,6.44,28.86,47.45,8.85,2021
1188,Rio de Janeiro,Pública,Total,4.93,0.85,9.98,17.83,26.07,22.93,13.59,7.96,0.81,2021
1191,Rio de Janeiro,Pública,Urbana,4.93,0.85,9.88,17.8,26.08,22.91,13.65,8.01,0.82,2021
1194,Rio de Janeiro,Pública,Rural,4.88,0.87,11.54,18.25,25.87,23.2,12.59,7.1,0.59,2021
1197,São Paulo,Total,Total,5.46,0.24,3.32,8.49,17.49,23.06,21.79,21.26,4.35,2021
1200,São Paulo,Total,Urbana,5.47,0.24,3.27,8.44,17.44,23.05,21.82,21.36,4.38,2021
1203,São Paulo,Total,Rural,5.22,0.37,6.64,11.5,21.02,24.07,19.46,15.0,1.92,2021
1206,São Paulo,Federal,Total,5.66,0.0,0.31,4.49,12.07,24.96,27.07,28.33,2.77,2021
1209,São Paulo,Federal,Urbana,5.66,0.0,0.31,4.49,12.07,24.96,27.07,28.33,2.77,2021
1212,São Paulo,Federal,Rural,0.0,,,,,,,,,2021
1215,São Paulo,Estadual,Total,5.29,0.27,3.96,10.01,20.21,26.25,22.09,15.72,1.48,2021
1218,São Paulo,Estadual,Urbana,5.29,0.27,3.92,9.99,20.19,26.27,22.12,15.75,1.49,2021
1221,São Paulo,Estadual,Rural,5.17,0.38,7.19,11.43,21.77,24.82,20.01,13.43,0.97,2021
1224,São Paulo,Municipal,Total,5.26,0.26,4.25,10.72,21.17,26.37,21.12,14.63,1.48,2021
1227,São Paulo,Municipal,Urbana,5.26,0.26,4.18,10.65,21.12,26.39,21.19,14.71,1.49,2021
1230,São Paulo,Municipal,Rural,5.11,0.43,7.08,13.52,23.15,25.44,18.01,11.42,0.95,2021
1233,São Paulo,Privada,Total,6.26,0.13,0.04,0.64,3.98,8.71,21.93,47.49,17.07,2021
1236,São Paulo,Privada,Urbana,6.26,0.13,0.04,0.64,3.98,8.7,21.92,47.5,17.09,2021
1239,São Paulo,Privada,Rural,6.16,0.0,0.55,0.4,4.01,11.41,24.27,45.66,13.7,2021
1251,São Paulo,Pública,Total,5.28,0.27,4.05,10.25,20.53,26.29,21.76,15.36,1.48,2021
1254,São Paulo,Pública,Urbana,5.28,0.27,4.0,10.21,20.5,26.31,21.8,15.41,1.49,2021
1257,São Paulo,Pública,Rural,5.14,0.4,7.14,12.41,22.42,25.11,19.07,12.49,0.96,2021
1260,Paraná,Total,Total,5.5,0.16,3.15,7.76,16.08,23.21,22.41,22.73,4.49,2021
1263,Paraná,Total,Urbana,5.52,0.14,2.87,7.41,15.73,23.2,22.69,23.31,4.65,2021
1266,Paraná,Total,Rural,5.05,0.6,8.98,15.09,23.35,23.45,16.69,10.62,1.22,2021
1269,Paraná,Federal,Total,5.96,0.0,0.21,2.24,7.13,17.79,22.88,41.59,8.17,2021
1272,Paraná,Federal,Urbana,5.96,0.0,0.21,2.26,7.2,17.45,22.98,41.63,8.27,2021
1275,Paraná,Federal,Rural,5.94,0.0,0.0,1.58,4.81,29.16,19.39,40.25,4.81,2021
1278,Paraná,Estadual,Total,5.39,0.19,3.6,8.6,17.42,24.98,23.71,19.5,2.0,2021
1281,Paraná,Estadual,Urbana,5.41,0.16,3.25,8.19,17.12,25.1,24.11,20.01,2.06,2021
1284,Paraná,Estadual,Rural,5.01,0.68,9.96,15.99,22.94,22.73,16.4,10.37,0.93,2021
1287,Paraná,Municipal,Total,5.3,0.17,3.82,9.7,20.13,26.83,22.05,15.75,1.55,2021
1290,Paraná,Municipal,Urbana,5.32,0.15,3.6,9.44,19.86,26.92,22.32,16.11,1.6,2021
1293,Paraná,Municipal,Rural,5.04,0.51,7.81,14.36,25.02,25.13,17.17,9.24,0.77,2021
1296,Paraná,Privada,Total,6.34,0.0,0.14,0.62,2.51,8.88,18.43,49.36,20.08,2021
1299,Paraná,Privada,Urbana,6.34,0.0,0.14,0.62,2.5,8.87,18.44,49.37,20.07,2021
1302,Paraná,Privada,Rural,6.36,0.0,0.0,0.0,4.49,10.4,16.42,46.21,22.48,2021
1314,Paraná,Pública,Total,5.36,0.18,3.66,8.96,18.36,25.61,23.08,18.27,1.88,2021
1317,Paraná,Pública,Urbana,5.38,0.16,3.35,8.61,18.06,25.72,23.44,18.72,1.93,2021
1320,Paraná,Pública,Rural,5.02,0.61,9.12,15.32,23.65,23.65,16.7,10.07,0.89,2021
1323,Santa Catarina,Total,Total,5.63,0.09,1.78,5.42,13.15,23.1,25.22,25.96,5.28,2021
1326,Santa Catarina,Total,Urbana,5.64,0.09,1.72,5.33,12.92,22.79,25.26,26.4,5.48,2021
1329,Santa Catarina,Total,Rural,5.39,0.12,2.83,7.11,17.55,28.96,24.42,17.65,1.36,2021
1332,Santa Catarina,Federal,Total,5.92,0.0,0.19,1.24,5.86,19.46,27.81,40.46,4.97,2021
1335,Santa Catarina,Federal,Urbana,5.93,0.0,0.22,1.28,5.67,17.87,29.27,40.02,5.67,2021
1338,Santa Catarina,Federal,Rural,5.81,0.0,0.0,0.99,7.23,30.8,17.38,43.6,0.0,2021
1341,Santa Catarina,Estadual,Total,5.51,0.13,2.05,6.09,14.55,25.42,26.92,22.72,2.13,2021
1344,Santa Catarina,Estadual,Urbana,5.52,0.12,2.0,6.03,14.45,25.29,27.02,22.94,2.15,2021
1347,Santa Catarina,Estadual,Rural,5.37,0.16,3.35,7.69,17.37,28.67,24.34,16.89,1.52,2021
1350,Santa Catarina,Municipal,Total,5.49,0.09,2.05,6.4,15.55,26.17,26.18,21.38,2.18,2021
1353,Santa Catarina,Municipal,Urbana,5.5,0.09,1.99,6.34,15.32,25.91,26.31,21.78,2.26,2021
1356,Santa Catarina,Municipal,Rural,5.38,0.1,2.65,7.05,18.18,29.19,24.69,16.89,1.27,2021
1359,Santa Catarina,Privada,Total,6.48,0.0,0.09,0.4,1.49,5.8,15.84,50.28,26.09,2021
1362,Santa Catarina,Privada,Urbana,6.48,0.0,0.09,0.41,1.49,5.8,15.82,50.29,26.11,2021
1365,Santa Catarina,Privada,Rural,6.09,0.0,0.0,0.0,0.0,8.7,34.78,47.83,8.7,2021
1377,Santa Catarina,Pública,Total,5.51,0.11,2.03,6.17,14.88,25.67,26.62,22.35,2.18,2021
1380,Santa Catarina,Pública,Urbana,5.51,0.11,1.98,6.11,14.72,25.47,26.75,22.64,2.23,2021
1383,Santa Catarina,Pública,Rural,5.39,0.12,2.84,7.14,17.61,29.03,24.38,17.54,1.33,2021
1386,Rio Grande do Sul,Total,Total,5.5,0.16,3.24,7.54,16.31,23.0,22.72,22.72,4.3,2021
1389,Rio Grande do Sul,Total,Urbana,5.51,0.16,3.1,7.3,16.09,22.87,22.8,23.21,4.48,2021
1392,Rio Grande do Sul,Total,Rural,5.24,0.29,5.61,11.53,19.89,25.08,21.49,14.75,1.36,2021
1395,Rio Grande do Sul,Federal,Total,5.94,0.0,0.55,1.78,12.72,13.48,23.74,39.31,8.41,2021
1398,Rio Grande do Sul,Federal,Urbana,5.94,0.0,0.55,1.78,12.72,13.48,23.74,39.31,8.41,2021
1401,Rio Grande do Sul,Federal,Rural,0.0,,,,,,,,,2021
1404,Rio Grande do Sul,Estadual,Total,5.41,0.2,3.58,8.08,17.45,24.33,23.65,20.51,2.2,2021
1407,Rio Grande do Sul,Estadual,Urbana,5.42,0.19,3.49,7.98,17.49,24.29,23.67,20.67,2.23,2021
1410,Rio Grande do Sul,Estadual,Rural,5.29,0.37,5.75,10.66,16.42,25.42,23.25,16.75,1.38,2021
1413,Rio Grande do Sul,Municipal,Total,5.33,0.18,3.95,9.3,19.03,25.6,23.26,17.14,1.55,2021
1416,Rio Grande do Sul,Municipal,Urbana,5.35,0.17,3.76,8.98,18.73,25.66,23.58,17.53,1.58,2021
1419,Rio Grande do Sul,Municipal,Rural,5.21,0.26,5.59,12.07,21.63,25.0,20.46,13.73,1.27,2021
1422,Rio Grande do Sul,Privada,Total,6.26,0.0,0.17,0.97,4.63,11.36,17.71,45.61,19.54,2021
1425,Rio Grande do Sul,Privada,Urbana,6.26,0.0,0.17,0.97,4.6,11.34,17.65,45.68,19.57,2021
1428,Rio Grande do Sul,Privada,Rural,5.73,0.0,0.0,0.0,17.21,16.39,39.07,17.76,9.56,2021
1440,Rio Grande do Sul,Pública,Total,5.38,0.19,3.71,8.54,18.08,24.77,23.48,19.24,1.98,2021
1443,Rio Grande do Sul,Pública,Urbana,5.39,0.18,3.57,8.33,17.96,24.74,23.63,19.56,2.02,2021
1446,Rio Grande do Sul,Pública,Rural,5.23,0.3,5.64,11.6,19.91,25.14,21.38,14.73,1.31,2021
1449,Mato Grosso do Sul,Total,Total,5.23,0.43,6.59,12.43,20.99,23.5,17.21,15.57,3.28,2021
1452,Mato Grosso do Sul,Total,Urbana,5.27,0.27,5.88,12.0,20.67,23.76,17.61,16.33,3.48,2021
1455,Mato Grosso do Sul,Total,Rural,4.77,2.39,15.29,17.62,25.01,20.29,12.34,6.27,0.79,2021
1458,Mato Grosso do Sul,Federal,Total,5.78,0.0,0.31,3.41,17.56,18.64,18.21,34.26,7.61,2021
1461,Mato Grosso do Sul,Federal,Urbana,5.98,0.0,0.0,0.0,17.11,16.72,12.73,42.22,11.22,2021
1464,Mato Grosso do Sul,Federal,Rural,5.47,0.0,0.79,8.75,18.26,21.64,26.8,21.79,1.97,2021
1467,Mato Grosso do Sul,Estadual,Total,5.15,0.4,6.68,13.27,22.18,24.93,17.89,13.12,1.53,2021
1470,Mato Grosso do Sul,Estadual,Urbana,5.18,0.32,6.19,12.93,21.9,25.28,18.27,13.51,1.61,2021
1473,Mato Grosso do Sul,Estadual,Rural,4.8,1.66,14.11,18.51,26.31,19.61,12.19,7.16,0.45,2021
1476,Mato Grosso do Sul,Municipal,Total,5.03,0.59,8.37,14.78,24.29,25.33,15.96,9.63,1.04,2021
1479,Mato Grosso do Sul,Municipal,Urbana,5.08,0.28,7.25,14.43,24.25,25.88,16.56,10.28,1.06,2021
1482,Mato Grosso do Sul,Municipal,Rural,4.68,3.28,17.95,17.79,24.6,20.6,10.85,4.06,0.87,2021
1485,Mato Grosso do Sul,Privada,Total,6.28,0.0,0.39,0.75,3.96,10.52,18.22,46.87,19.28,2021
1488,Mato Grosso do Sul,Privada,Urbana,6.3,0.0,0.35,0.57,3.68,10.33,18.16,47.4,19.52,2021
1491,Mato Grosso do Sul,Privada,Rural,5.22,0.0,2.7,13.59,22.98,23.69,22.58,11.21,3.26,2021
1503,Mato Grosso do Sul,Pública,Total,5.11,0.48,7.32,13.81,23.01,25.04,17.09,11.87,1.39,2021
1506,Mato Grosso do Sul,Pública,Urbana,5.14,0.3,6.58,13.46,22.83,25.47,17.54,12.38,1.44,2021
1509,Mato Grosso do Sul,Pública,Rural,4.77,2.44,15.55,17.7,25.06,20.22,12.12,6.17,0.74,2021
1512,Mato Grosso,Total,Total,5.15,0.3,6.66,14.37,23.33,23.87,16.32,12.36,2.78,2021
1515,Mato Grosso,Total,Urbana,5.17,0.29,6.4,13.98,22.86,23.9,16.64,12.95,2.97,2021
1518,Mato Grosso,Total,Rural,4.89,0.44,9.66,18.75,28.58,23.56,12.74,5.66,0.62,2021
1521,Mato Grosso,Federal,Total,5.35,0.0,3.83,11.7,16.66,24.99,22.8,17.93,2.07,2021
1524,Mato Grosso,Federal,Urbana,5.35,0.0,4.45,10.0,16.78,27.81,19.65,19.32,1.99,2021
1527,Mato Grosso,Federal,Rural,5.32,0.0,1.2,18.98,16.16,12.99,36.26,11.99,2.42,2021
1530,Mato Grosso,Estadual,Total,5.05,0.33,7.24,15.29,25.13,25.21,16.04,9.77,1.01,2021
1533,Mato Grosso,Estadual,Urbana,5.07,0.33,7.0,15.04,24.91,25.3,16.3,10.08,1.05,2021
1536,Mato Grosso,Estadual,Rural,4.88,0.37,10.32,18.49,27.91,24.06,12.67,5.71,0.47,2021
1539,Mato Grosso,Municipal,Total,4.99,0.36,7.95,17.1,26.38,24.39,14.71,8.24,0.86,2021
1542,Mato Grosso,Municipal,Urbana,5.01,0.33,7.74,16.79,25.77,24.53,15.23,8.73,0.89,2021
1545,Mato Grosso,Municipal,Rural,4.86,0.55,9.33,19.11,30.3,23.52,11.42,5.14,0.65,2021
1548,Mato Grosso,Privada,Total,6.12,0.04,0.37,2.47,5.8,14.41,21.3,37.38,18.23,2021
1551,Mato Grosso,Privada,Urbana,6.12,0.04,0.37,2.48,5.8,14.39,21.32,37.38,18.22,2021
1554,Mato Grosso,Privada,Rural,6.35,0.0,0.0,0.0,0.0,37.5,0.0,37.5,25.0,2021
1566,Mato Grosso,Pública,Total,5.04,0.34,7.4,15.76,25.38,24.97,15.74,9.44,0.98,2021
1569,Mato Grosso,Pública,Urbana,5.05,0.32,7.17,15.46,25.05,25.12,16.04,9.82,1.02,2021
1572,Mato Grosso,Pública,Rural,4.88,0.44,9.67,18.77,28.61,23.54,12.75,5.63,0.59,2021
1575,Goiás,Total,Total,5.2,0.46,6.09,12.55,21.94,24.84,17.96,14.06,2.11,2021
1578,Goiás,Total,Urbana,5.21,0.43,5.92,12.38,21.82,24.86,18.14,14.3,2.15,2021
1581,Goiás,Total,Rural,4.82,1.45,12.25,18.71,26.18,24.0,11.64,5.25,0.52,2021
1584,Goiás,Federal,Total,5.64,0.0,0.55,5.72,11.56,22.28,27.04,28.99,3.87,2021
1587,Goiás,Federal,Urbana,5.64,0.0,0.6,5.9,11.02,22.58,26.88,29.21,3.81,2021
1590,Goiás,Federal,Rural,5.64,0.0,0.0,3.7,17.72,18.81,28.86,26.35,4.57,2021
1593,Goiás,Estadual,Total,5.08,0.61,7.37,13.85,23.51,25.48,17.51,10.62,1.06,2021
1596,Goiás,Estadual,Urbana,5.09,0.57,7.21,13.73,23.48,25.55,17.64,10.74,1.08,2021
1599,Goiás,Estadual,Rural,4.65,2.98,16.53,20.9,24.82,21.52,9.71,3.37,0.17,2021
1602,Goiás,Municipal,Total,5.04,0.35,6.69,14.91,25.56,27.01,16.24,8.57,0.67,2021
1605,Goiás,Municipal,Urbana,5.05,0.32,6.49,14.73,25.47,27.09,16.48,8.73,0.69,2021
1608,Goiás,Municipal,Rural,4.85,0.87,10.83,18.68,27.34,25.23,11.5,5.26,0.31,2021
1611,Goiás,Privada,Total,5.94,0.22,0.41,2.45,7.91,17.35,23.55,38.95,9.16,2021
1614,Goiás,Privada,Urbana,5.95,0.22,0.34,2.37,7.75,17.27,23.59,39.25,9.22,2021
1617,Goiás,Privada,Rural,5.23,0.0,7.55,10.25,22.24,24.59,20.24,11.26,3.87,2021
1629,Goiás,Pública,Total,5.07,0.5,7.06,14.26,24.32,26.11,17.02,9.84,0.91,2021
1632,Goiás,Pública,Urbana,5.08,0.46,6.89,14.11,24.25,26.17,17.2,9.99,0.93,2021
1635,Goiás,Pública,Rural,4.8,1.54,12.54,19.23,26.42,23.96,11.11,4.88,0.31,2021
1638,Distrito Federal,Total,Total,5.6,0.19,3.03,7.69,15.63,20.98,19.79,24.27,8.42,2021
1641,Distrito Federal,Total,Urbana,5.62,0.17,2.79,7.38,15.33,20.89,19.95,24.78,8.7,2021
1644,Distrito Federal,Total,Rural,5.07,0.65,8.85,15.1,22.87,23.11,15.81,11.97,1.65,2021
1647,Distrito Federal,Federal,Total,6.4,0.0,0.0,0.14,1.51,4.31,15.84,63.09,15.09,2021
1650,Distrito Federal,Federal,Urbana,6.4,0.0,0.0,0.14,1.51,4.31,15.84,63.09,15.09,2021
1653,Distrito Federal,Federal,Rural,0.0,,,,,,,,,2021
1656,Distrito Federal,Estadual,Total,5.32,0.25,3.95,10.04,20.26,25.69,20.77,16.62,2.41,2021
1659,Distrito Federal,Estadual,Urbana,5.33,0.24,3.8,9.81,20.09,25.77,21.0,16.84,2.45,2021
1662,Distrito Federal,Estadual,Rural,5.13,0.39,6.91,14.35,23.52,24.16,16.44,12.57,1.67,2021
1665,Distrito Federal,Municipal,Total,0.0,,,,,,,,,2021
1668,Distrito Federal,Municipal,Urbana,0.0,,,,,,,,,2021
1671,Distrito Federal,Municipal,Rural,0.0,,,,,,,,,2021
1674,Distrito Federal,Privada,Total,6.38,0.04,0.49,1.21,2.81,8.07,17.13,44.57,25.69,2021
1677,Distrito Federal,Privada,Urbana,6.4,0.0,0.11,0.95,2.7,8.07,17.24,44.99,25.94,2021
1680,Distrito Federal,Privada,Rural,4.26,4.43,37.2,26.07,13.4,7.69,6.65,3.18,1.39,2021
1692,Distrito Federal,Pública,Total,5.34,0.24,3.88,9.86,19.91,25.29,20.68,17.49,2.65,2021
1695,Distrito Federal,Pública,Urbana,5.35,0.23,3.72,9.62,19.72,25.35,20.9,17.75,2.7,2021
1698,Distrito Federal,Pública,Rural,5.13,0.39,6.91,14.35,23.52,24.16,16.44,12.57,1.67,2021
